Date,Tweet text,Polarity,Sentiment
2017-03-05 18:59,"With the fam The best soulfood you will ever eat Ruth s instagram com p BRRpg dBIAbV ZLl431UIsodkQ gMZ2j2pOdWuE0",1.000000,positive
2017-03-05 18:59,"I m behind the front of the Marching Band Avenue Sunnyside NY instagram com p BRRpgsQA1RG",-0.400000,negative
2017-03-05 18:59,"crowntattoo in progress zakiev youbelongattattoowonderland tattoowonderland instagram com p BRRpgaOhzRr",0.000000,neutral
2017-03-05 18:59,"Fresh juice brooklyn fortgreen nyc newyork Greene Brooklyn instagram com p BRRpdoLhOk1",0.300000,positive
2017-03-05 18:59,"My best boys York New York instagram com p BRRpcdyg7ru5 JhObC3ZV nX3HZv6TgqOPzYi5U0",0.568182,positive
2017-03-05 18:59,"Last dinner in Williamsburg tomorrow is all about NYC We could not miss Pies n Thighs a instagram com p BRRpcM9h1UW",0.000000,neutral
2017-03-05 18:58,"Self defined Armory Show instagram com p BRRpZXeFazq",0.000000,neutral
2017-03-05 18:58,"Got damn this Ni a kingyadi rfgz is so viscous on the Beat straight instagram com p BRRpZAflR 8",0.200000,positive
2017-03-05 18:58,"Got my tiu5k in today through a slow walk around UES and completed the Daily Moves Meal instagram com p BRRpYyWB4Yf",-0.150000,negative
2017-03-05 18:58,"Friends that head bang together stay together Theater instagram com p BRRpXQuj60Uv etA j tg3Om1JTFH5DJxLwxGCg0",0.000000,neutral
2017-03-05 18:58,"Spread love it s the Brooklyn way BIG Bridge Park instagram com p BRRpW7bDOYk",0.250000,positive
2017-03-05 18:58,"Was feelin cute last night And Saddle Drag Lounge instagram com p BRRpWmxFs N",0.133333,positive
2017-03-05 18:58,"OH la la wee wee Pari New Jersey instagram com p BRRpWpiBJ6Yz VXSlHhcaXaEoh8Q zFqoeOqP940",0.136364,positive
2017-03-05 18:58,"OperationCleanMountVernon Day270 Another day in MountVernon NY and another piece of litter instagram com p BRRpVsEBx25",0.000000,neutral
2017-03-05 18:58,"these fitness galz froze their perf s off today on the pier looking forward to sunnier shoots http ln is www instagram com p 1O9Ui",0.000000,neutral
2017-03-05 18:58,"SCREAMING HAPPY BIRTHDAY TO MY BROTHER Since meeting you that day in 2012 I m not quite sure instagram com p BRRpUsYA0UF",0.650000,positive
2017-03-05 18:58,"If you show me how to make money I will chase my own bag in return selfmade myownboss instagram com p BRRpUE6DyrB",0.600000,positive
2017-03-05 18:58,"She s so spoiled I m talking about Cle Village Manhattan instagram com p BRRpTfkA2x2",0.000000,neutral
2017-03-05 18:57,"Just posted a photo Avenue Sunnyside NY instagram com p BRRpTVZAoEl",0.000000,neutral
2017-03-05 18:57,"Watching LOGAN Cinemas Battery Park 11 for Logan in New York NY swarmapp com c 9Hloi7qRP51",0.136364,positive
2017-03-05 18:57,"Shop life dublife audi b6a4 Queens instagram com p BRRpSpHjBEXr kRRX2JEzP1x1WBpuP9Rxhn1wcU0",0.000000,neutral
2017-03-05 18:57,"A perfect sunset and midtown Manhattan slipping through the cracks architecture skyline instagram com p BRRpSl3AoFw",0.450000,positive
2017-03-05 18:57,"I m at Edgewater Multiplex Cinemas for Confidential Assignment gong jo in Edgewater NJ swarmapp com c j0wxCh6Aw89",0.000000,neutral
2017-03-05 18:57,"I m at L inizio in Queens NY swarmapp com c aSekFKQMOga",0.000000,neutral
2017-03-05 18:57,"Burgz and tinis s in New York NY w swarmapp com c awHgui7yQCO",0.136364,positive
2017-03-05 18:57,"Not a bad view for a Sunday afternoon stroll brooklynbridge NYC instagram com p BRRpNbjgCZbx bRg9ClfgyB4wjXN A83F5ZYIRQ0",0.350000,positive
2017-03-05 18:57,"Cheat meal Sunday after a long day love you baby instagram com p BRRpMzijaSjl PcJM7Pl1C ypavvLAe2TdBLWuU0",0.225000,positive
2017-03-05 18:57,"I m at Trattoria Pesce Pasta in New York NY swarmapp com c a9fuAhN5Iu7",0.136364,positive
2017-03-05 18:56,"Caught some hometown magic in the city Friday night Shout out to MUD alum instagram com p BRRpMJKD5ab",0.500000,positive
2017-03-05 18:56,"alo perdeu o central park c neve rss Park instagram com p BRRpL8yA4Nko L Hx45X8SFH8GlozOekzPnkFS80",0.000000,neutral
2017-03-05 18:56,"Get thousands of likes on your Instagram photos 1000Likes for iOS 1000Likes https itunes apple com app id864250965 pic twitter com EGNxh5LsEg",0.000000,neutral
2017-03-05 18:56,"El que viene a New York jajaja tiene que venir a la duarte con Par s de New York jajaja instagram com p BRRpK4aA8MK",0.136364,positive
2017-03-05 18:56,"Time to work Subway Union Tpke Kew Gardens E F in Kew Gardens NY w swarmapp com c hKzYBXJJJum",0.000000,neutral
2017-03-05 18:56,"Brunch in NY with Mr Abeille instagram com p BRRpKaHhzfU",0.000000,neutral
2017-03-05 18:56,"I m at Blue Ribbon at Brooklyn Bowl in Brooklyn NY swarmapp com c cq1r7GmdDf4",0.000000,neutral
2017-03-05 18:56,"Difficult roads often lead to a beautiful destination instagram com p BRRpJQ9g DS5 ceoj exYPw 9Kpj9U8QM2IhVa00",0.175000,positive
2017-03-05 18:56,"Happy Birthday yet again Pops NY instagram com p BRRpJItggbuc c0X8v3jrXoDfuMDlAfk80Q ScY0",0.800000,positive
2017-03-05 18:56,"I had a great brunch with these fellas brunch nyc rowhouse House instagram com p BRRpIaMAX 4",0.800000,positive
2017-03-05 18:56,"New York pic pictures pictures picoftheday pictureoftheday ph photo photo photos instagram com p BRRpIPvFjU9",0.136364,positive
2017-03-05 18:56,"30 hours later found instagram com p BRRpHq0jTUX",0.000000,neutral
2017-03-05 18:56,"Y all niggaz can team up all you want still can t out work me Dollarmentary also with instagram com p BRRpHc8Fciw",0.000000,neutral
2017-03-05 18:56,"Pizza madness starts tomorrow Which pizzas will make the cut PizzaMadness Pizza instagram com p BRRpHfbjr4O",0.000000,neutral
2017-03-05 18:56,"Make your way to 2367 FREDERICK DOUGLASS BLVD SONGWRITERSUNDAYS instagram com p BRRpGi9l5y0",0.000000,neutral
2017-03-05 18:56,"Just posted a photo Avenue Sunnyside NY instagram com p BRRpGCjgEVI",0.000000,neutral
2017-03-05 18:56,"S04915 NEW Establishes the crime of strangulation in the first degree disregard of banned employment procedure http bitly com WWl3TL",0.193182,positive
2017-03-05 18:56,"I m at for Wild Child in Brooklyn NY swarmapp com c 1vG3RgDbbsh",0.100000,positive
2017-03-05 18:55,"We somehow survived LepreCon New Jersey instagram com p BRRpEzXBMSM5 xDCYccSx1enffjGz79ejIVtnno0",0.136364,positive
2017-03-05 18:55,"OperationCleanMountVernon Day269 Why do we pick up litter in our community MountVernon NY instagram com p BRRpEeRhbUX",0.000000,neutral
2017-03-05 18:55,"Modern Library Book Club 3 5 mobydick hermanmelville East Village Restaurant http ln is www instagram com p Y8xWl",0.200000,positive
2017-03-05 18:55,"We re not tourist Square New York City Manhattan instagram com p BRRpDI9hlZuv cQelTJsQu8jAXbaUV277RZpq1A0",0.136364,positive
2017-03-05 18:55,"Grabbing a little something quick at in Kew Gardens NY w swarmapp com c 6S6v3SqvkGV",0.072917,positive
2017-03-05 18:55,"Drinking a Sweet Action by at http untp beer s c424974649",0.225000,positive
2017-03-05 18:55,"Preview of the Broadway musical ComefromAway R Museum in New York NY swarmapp com c 4SSbhbcVXPs",0.068182,positive
2017-03-05 18:55,"I m at starbucks in Queens NY w swarmapp com c coen58HfSYk",0.000000,neutral
2017-03-05 18:55,"https youtu be fze OnLUCYg pic twitter com A11afHZPgW",0.000000,neutral
2017-03-05 18:55,"Inherent Vice for the saison NYBeer Drinking an Inherent Vice by at http untp beer s c424974426 photo",0.000000,neutral
2017-03-05 18:54,"demonnite traphouse monstanation meeting bigbro ROCKNESS monsta nation instagram com p BRRo7 7hkB",0.000000,neutral
2017-03-05 18:54,"What an amazing show I would see it again instantly instagram com p BRRo5SJDvrYY gyfwm0eLTwqdIk4F3EcZF vh2Q0",0.300000,positive
2017-03-05 18:54,"Just posted a photo York New York instagram com p BRRo5NAg93L",0.136364,positive
2017-03-05 18:54,"La foto acostumbrada al final del programa Nuestra Gente York New York instagram com p BRRo5B5j0mM",0.068182,positive
2017-03-05 18:54,"sheunites New York Midtown instagram com p BRRo4jvhNuq",0.136364,positive
2017-03-05 18:54,"OperationCleanMountVernon Day268 Picking up a little litter to be apart of a collective effort instagram com p BRRo3wLBcDx",-0.187500,negative
2017-03-05 18:54,"Sometimes you just need to get a new perspective soho office instagram com p BRRo3I2gRsX",0.136364,positive
2017-03-05 18:53,"Can you miss things you ve never really had",-0.100000,negative
2017-03-05 18:53,"Beauty everywhere newyork newyorkcity newyorkbridge roadtrip instagram com p BRRoz1egOCOP U7nfqTy1tkpLlhg5XudD1D8uug0",0.000000,neutral
2017-03-05 18:53,"Lastnight instagram com p BRRozrEAw6GA RMbGFZxFwLB1xetzJ9t EXN63w0",0.000000,neutral
2017-03-05 18:53,"Just posted a photo Avenue Sunnyside NY instagram com p BRRoznCgcI4",0.000000,neutral
2017-03-05 18:53,"Presented without comment Whiskey Pub instagram com p BRRozaDhJIS8 cRBTjvZBoLrxe 1U5 6gLlzj5g0",0.000000,neutral
2017-03-05 18:53,"I m at Ukrainian East Village Restaurant in New York NY swarmapp com c 69iQAzi5919",0.136364,positive
2017-03-05 18:53,"Booty booty booty For a full booty workout check it out on roxy fit co uk blog instagram com p BRRoy6Gj0 N",0.375000,positive
2017-03-05 18:53,"Ur local froyo enthusiasts s Girl instagram com p BRRoyFXBh4M",0.000000,neutral
2017-03-05 18:53,"Boston ain t ready At the looks of it we ain t either rideordie instagram com p BRRow8mjd9 d r6AnykYD8cHtZaF0Yg FeXXG0Y0",0.200000,positive
2017-03-05 18:53,"Repost wildnewyork with Photo by hindoben Selected by instagram com p BRRowu1Bv M",0.000000,neutral
2017-03-05 18:53,"well deserved spa day with the girls Spa Club instagram com p BRRowblDKqP",0.000000,neutral
2017-03-05 18:53,"https youtu be nGze8bbBQ A",0.000000,neutral
2017-03-05 18:53,"Introduced Eugene to Thai Ice Cream from A well deserved pick me up on our day instagram com p BRRovykAqyc",0.000000,neutral
2017-03-05 18:53,"2186 Fifth Avenue Manhattan pic twitter com L68YyPmgeC",0.000000,neutral
2017-03-05 18:53,"Show 5 Chicago Broadway Chicago ShowExtravaganza instagram com p BRRovMoFAA3k pC25qVxrRltrAl7lsZyZux0mQA0",0.000000,neutral
2017-03-05 18:52,"Just posted a photo Press Lounge instagram com p BRRouYdlciZ",0.000000,neutral
2017-03-05 18:52,"Somewhere in Brooklyn Bridge Park instagram com p BRRot HDSwc",0.000000,neutral
2017-03-05 18:52,"Mercurial spastic and a little bitchy but you can t say she isn t gorgeous cats instagram com p BRRot8uAK3K",0.256250,positive
2017-03-05 18:52,"Not even a hamstring can keep us from gettin hot Heat instagram com p BRRotJyF oCE 80HpXN7tFhtRlxpAxvaINEUgU40",0.250000,positive
2017-03-05 18:52,"Filmmakers Meetup in NYC with some great friends supersecretmeetup fujiframez framez dp instagram com p BRRosetgyJW",0.800000,positive
2017-03-05 18:52,"I m at Soju Haus in New York NY w swarmapp com c bcAx3hkMTVV",0.136364,positive
2017-03-05 18:52,"Thanks Sandra KateTheGreat Repost via Watching from the sidelines That s instagram com p BRRoskPgoW8",0.200000,positive
2017-03-05 18:52,"Hell Yea Mar Marisqueira Restaurant in Newark NJ swarmapp com c ipNwOaeLTAQ",0.000000,neutral
2017-03-05 18:52,"Repost wildnewyork with Photo by Selected by instagram com p BRRosOjhRNe",0.000000,neutral
2017-03-05 18:52,"Shut it down NYC instagram com p BRRordhDLf8",-0.155556,negative
2017-03-05 18:52,"itsmebitches Dre Kitchen Bar instagram com p BRRorM3At9A",0.000000,neutral
2017-03-05 18:52,"sundayfunday Village instagram com p BRRoqiGAwr3",0.000000,neutral
2017-03-05 18:52,"timetoeat Corner in New York NY swarmapp com c 4CFW5E1XnOn",0.136364,positive
2017-03-05 18:52,"So much going on at the diner waitressmusical Square New York City Manhattan instagram com p BRRoqFxgBaz",0.168182,positive
2017-03-05 18:52,"Brooke became a monk and Trent makes chicken so we decided to hightail it to The Big Apple instagram com p BRRop5EjBDn",-0.300000,negative
2017-03-05 18:52,"Day 50 Left Hand Sketch art artist illustration sketch sketching sketches instagram com p BRRopp hqet",0.000000,neutral
2017-03-05 18:52,"Post workout Bronx instagram com p BRRopAXFR4qO OmYN55k34a9CrCkY9sfrBrf6yI0",0.000000,neutral
2017-03-05 18:52,"St Pat s for All Marching Band Avenue Sunnyside NY instagram com p BRRoo9vgorw",0.000000,neutral
2017-03-05 18:52,"OperationCleanMountVernon Day267 Someone was drinking in the snow They left the evidence We instagram com p BRRooSLBv9b",0.000000,neutral
2017-03-05 18:52,"I m at Williamsburg in Brooklyn NY swarmapp com c aUVc3sNq5Wg",0.000000,neutral
2017-03-05 18:52,"Uno de los mejores d as de mi vida rodeado de gente espectacular instagram com p BRRon51hIu2f PZqajnQQFOi3KGnyZXV3dgx6Es0",0.000000,neutral
2017-03-05 18:52,"Cha Cha Bitch https youtu be IJgSFA8OWNs Museum instagram com p BRRomGuBxll",0.000000,neutral
2017-03-05 18:51,"Sunday funday with Tks for class Love this shape even though I m not the most instagram com p BRRom2bAMUS",0.500000,positive
2017-03-05 18:51,"Happy Anniversary to my parents Jim and Connie I am truly blessed to be their daughter Love instagram com p BRRomo2DgFO",0.650000,positive
2017-03-05 18:51,"this brought smile to my face My dear friend Lynn and I after performing last fall instagram com p BRRomNhlnkc",0.150000,positive
2017-03-05 18:51,"Just posted a photo Square Garden instagram com p BRRomFCB 2p",0.000000,neutral
2017-03-05 18:51,"Repost wildnewyork with Photo by 718sean p Selected by instagram com p BRRol0OByZP",0.000000,neutral
2017-03-05 18:51,"DJUNEEKBirthDayBashLoading Flatbush Brooklyn http ln is www instagram com p SDsUw",0.000000,neutral
2017-03-05 18:51,"Burr Flatbush Brooklyn instagram com p BRRokvNlFo6",0.000000,neutral
2017-03-05 18:51,"Thin Crust Pizza in New York NY swarmapp com c dDbDMyQ3Nuw",-0.131818,negative
2017-03-05 18:51,"Amanda is great at buying sale clothing Riley s wall York New York instagram com p BRRoj5Dl50k",0.468182,positive
2017-03-05 18:51,"Bowling like I never bowled Leisure Time Bowl in New York NY swarmapp com c 4tv2rA2f3Bx",0.136364,positive
2017-03-05 18:51,"Incident on GLine from Church Avenue Station to Smith Street 9th Street Station http 511ny org EventDetails T RANSCOM ORT21531807",0.000000,neutral
2017-03-05 18:51,"Ending the Weekend with a Nice EggplantParm Sangwich and a instagram com p BRRojdoFR8AG qXy3rAXsHCi7t KW49S30FSmec0",0.600000,positive
2017-03-05 18:51,"Hanging out with Stravinsky newrenaissanceartist composer performerlife music newmusic instagram com p BRRojk jCwz",0.000000,neutral
2017-03-05 18:51,"Manhattan sunsets Queens Expressway instagram com p BRRojKoDzJ6",0.000000,neutral
2017-03-05 18:51,"Madame Tussauds Wax Museum Celebrity New York instagram com p BRRoi whvPPT XL8HrKRjYaKC jr3lG2VozEROw0",0.136364,positive
2017-03-05 18:51,"Happy bday to the lovely brunettebombshell xo BrunchBaby SundayFunday FullyEquippedent instagram com p BRRoipflnqf",0.650000,positive
2017-03-05 18:51,"How many of you been to New York City and have never been to this fascinating place instagram com p BRRoijWhKg6",0.445455,positive
2017-03-05 18:51,"Repost kerryannbrown with Delly ranks song no limit money nuff on different eyes instagram com p BRRohuBjKbw",0.000000,neutral
2017-03-05 18:51,"Got my Beyonce on with my bestie dance fitnessisfun JAMM Dance Troupe instagram com p BRRohclAHj7",0.000000,neutral
2017-03-05 18:51,"Major middle seat perk http d100 co NY4nz8 pic twitter com mhnvdpDECK",0.031250,positive
2017-03-05 18:51,"El que viene a New York jajaja tiene que venir a la duarte con Par s de New York jajaja instagram com p BRRogZwg GQ",0.136364,positive
2017-03-05 18:50,"mood New York instagram com p BRRoeu7FDEj",0.136364,positive
2017-03-05 18:50,"Happy Sunday Everyone As little thank you for being such amazing followers I will be instagram com p BRRoeGPAS5c",0.303125,positive
2017-03-05 18:50,"https youtu be nGze8bbBQ A",0.000000,neutral
2017-03-05 18:50,"OperationCleanMountVernon Day266 We do what we enjoy We enjoy collecting litter What do you instagram com p BRRodsQBWew",0.400000,positive
2017-03-05 18:50,"A famosa e infinita saudade Center instagram com p BRRodgdjfHBu KMA JlsDIqn44vK3c0GBOjfgpw0",-0.100000,negative
2017-03-05 18:50,"One time for the real",0.200000,positive
2017-03-05 18:50,"I am very happy to announce I have joined the team as an instructor Come and instagram com p BRRocppFguP",1.000000,positive
2017-03-05 18:50,"My favorite new spot ipictheaters the painting in the back is made out of books instagram com p BRRobazAUWM",0.212121,positive
2017-03-05 18:50,"Who needs luck when I got these ladies hoboken leprecon irishforaday stpatricksday instagram com p BRRoalhlHfh",0.000000,neutral
2017-03-05 18:50,"Our very own Jack Stepner is the lead story on macslive com as our Cougars have instagram com p BRRoaeljYED",0.780000,positive
2017-03-05 18:49,"The choice is yours Do you love makeup Do you want to invest in something but don t know what instagram com p BRRMZ2NDpeD",0.500000,positive
2017-03-05 18:49,"Machette Productions Presents d7thelegacy 23 The Mixtape instagram com p BRRoW AeNd",0.000000,neutral
2017-03-05 18:49,"January 5 2017 87 28 88th Street Woodhaven Queens 440 000 1 unit 1 096 sf one family home",0.000000,neutral
2017-03-05 18:49,"My first time in NYC was beautiful thank you York New York instagram com p BRRoWuyhfH",0.412121,positive
2017-03-05 18:49,"Finishing up decorating my ManagingDirector office 2010 W 9 St in Brooklyn same building instagram com p BRRoWlDgsUx",0.000000,neutral
2017-03-05 18:49,"I love when you guys tag or send me your photos So glad we can help influence your style instagram com p BRRoCLWgPU7",0.500000,positive
2017-03-05 18:49,"This is how we do it baby thank you and welcome to the pussypowerposse uruguayband you make instagram com p BRRoUrkBGaA",0.800000,positive
2017-03-05 18:49,"When the sun meet the moon Love nyc cheflife ilovemylife ilovemyjob newyork instagram com p BRRoUB5lxmQ",0.500000,positive
2017-03-05 18:49,"love nyc timessquare lastnight wow gorgeous city usa VisitVeronika Square New instagram com p BRRoUPujkDX",0.359091,positive
2017-03-05 18:49,"Cutie twink yungdollyparton photo show I was in marblehillcameraclub last nite Fun instagram com p BRRoT4LAShx",0.150000,positive
2017-03-05 18:49,"OperationCleanMountVernon Day265 When it snows there is still litter on the ground Pick up a instagram com p BRRoTRshgit",0.000000,neutral
2017-03-05 18:49,"until next time New York Square New York City Manhattan instagram com p BRRlv0CgO7O",0.090909,positive
2017-03-05 18:49,"My favorite DJ killed it for the event This is family no question day2day instagram com p BRRoTAqDpiZ",0.150000,positive
2017-03-05 18:49,"Since his last show as Lola in kinkybootsbway is in less than an hour I just wanted to post this instagram com p BRRoR8Dg8pf",-0.083333,negative
2017-03-05 18:49,"ik heb echt een drama life ofzo via",0.000000,neutral
2017-03-05 18:49,"Diana Fonseca Armory Show instagram com p BRRoRy7DCFF",0.000000,neutral
2017-03-05 18:49,"Harlem s finest was in the building last night dipset killacam asapferg asapmob instagram com p BRRoRmIDsto",0.000000,neutral
2017-03-05 18:48,"pic twitter com Jdp4cEIhh3",0.000000,neutral
2017-03-05 18:48,"Me I want to stay in Brooklyn all day today Also me I want to see SWEENEY TODD",0.000000,neutral
2017-03-05 18:48,"Greenpoint Park instagram com p BRRoOudh9SZ",0.000000,neutral
2017-03-05 18:48,"I got it barmuscleup South Brooklyn instagram com p BRRoNGigaMCW EgQb GkeWS3im41bKdji03ENfA0",0.000000,neutral
2017-03-05 18:48,"Paired with red velvet cupcake Drinking a Champagne Velvet by at nyc http untp beer s c424970840",0.000000,neutral
2017-03-05 18:48,"Beat me Avenue Armory instagram com p BRRoLimBOCS",0.000000,neutral
2017-03-05 18:48,"Ready to flyhome unitedairlines Liberty International Airport instagram com p BRRoLWADdSu",0.100000,positive
2017-03-05 18:48,"Our arrival the day s departure sunset tribeca instagram com p BRRoLKdBHDU",0.000000,neutral
2017-03-05 18:48,"War nyc Town Manhattan New York City instagram com p BRRoKEQFLxn",0.136364,positive
2017-03-05 18:47,"OperationCleanMountVernon Day264 This litter was in a puddle Not for long Pick up litter in instagram com p BRRoI1MBkPG",-0.050000,negative
2017-03-05 18:47,"co antonio s York Skyline instagram com p BRRoJCADaz5W qmDh2nsBZ w5zHqwg n2iQKQqY0",0.000000,neutral
2017-03-05 18:47,"Not the best was trying to hurry up before I got caught you can t tell how tiny but she instagram com p BRRoI9mhcRb",0.500000,positive
2017-03-05 18:47,"When tacos and ice cream are life then you come across ice cream in a taco Ice instagram com p BRRoIUnBpFq",0.000000,neutral
2017-03-05 18:47,"Hmm good motivational advice sometimes comes in unexpected venues Feeling nostalgic for instagram com p BRRoH2slVTO",0.100000,positive
2017-03-05 18:47,"babyrain babyshower rain angelinaandethanial Productions instagram com p BRRoGPPD8fZ",0.000000,neutral
2017-03-05 18:47,"Work in progress Ombr Cake Cup Cakes by JP ombrecake instagram com p BRRoGDRgtoXa RePgBrNzH2O0zdcMjywIOZ1KhY0",0.000000,neutral
2017-03-05 18:47,"I am very happy to announce I have joined the team as an instructor Come and instagram com p BRRoFW9lw6M",1.000000,positive
2017-03-05 18:47,"Sunday Dinner yummyyummyboo teamboo healthyeating tothineownselfbetrue http thetroybarnes com instagram com p BRRoEadjV2t",0.000000,neutral
2017-03-05 18:47,"Sunday funday in Soho nyc steppedindogshit Manhattan instagram com p BRRoEJNlCqF",0.000000,neutral
2017-03-05 18:47,"Three soldiers and an enemyofthepeople in grandcentralstation today I wanted to take instagram com p BRRoDP1lT6W",0.000000,neutral
2017-03-05 18:47,"Legend newyork newyorkcity usa statue golden Tower New instagram com p BRRoDHXAxfMW 9ZsdoPUE82GQabEcFMt3mwveJM0",0.218182,positive
2017-03-05 18:46,"Helen s 30th Lan Club instagram com p BRRbZIlh8vl",0.000000,neutral
2017-03-05 18:46,"You think it s all about food Nope it is not 59th Street in New York NY swarmapp com c hLguXZbRo6k",0.136364,positive
2017-03-05 18:46,"Nothing like a good old fashioned wintercocktail drinkporn instagram com p BRRoBnGFVZis 3mNr UqYWwjmxffQecyLL6xIC00",0.400000,positive
2017-03-05 18:46,"The Joaquin Pozo Afro Cuban Quintet was smooth as Lotus Scoop ice cream last night at Lincoln instagram com p BRRoBwogEWq",0.200000,positive
2017-03-05 18:46,"Final day at thearmoryshow Swipe for more dope art Armory Show instagram com p BRRoBQIgrKs",0.250000,positive
2017-03-05 18:46,"Hey boo Square Garden instagram com p BRRmUVwla Hg aRtxMq79YGiucCZdqWJVe906qE0",0.000000,neutral
2017-03-05 18:46,"OperationCleanMountVernon Day263 When you see litter Pick it up Your community thanks you instagram com p BRRoAMThaYb",0.200000,positive
2017-03-05 18:46,"Great Bday gift from my vs baby boys first game Garden instagram com p BRRn d6DmZ3",0.216667,positive
2017-03-05 18:46,"Sunday night at The York with Tyne Alison Ann Ryan and of course Jerry DearWorld JerryHerman swarmapp com c kUNEOFUcSst",0.000000,neutral
2017-03-05 18:46,"Congratulations to my beautiful sister and now brother in law Beyond excited for this new instagram com p BRRn 4NgSEy",0.453788,positive
2017-03-05 18:46,"Got treats In Brooklyn instagram com p BRRn 2ZBS6z",0.000000,neutral
2017-03-05 18:46,"Bucket list baby Drinking a Supplication Batch 022316 at http untp beer s c424969767 photo",0.000000,neutral
2017-03-05 18:46,"Only Me Heights Jersey City instagram com p BRRn8ysjFql",0.000000,neutral
2017-03-05 18:46,"S04197 NEW Relates to communications by retail stores attempting to settle civil actions deriving from larceny http bitly com X0Wjtu",0.136364,positive
2017-03-05 18:45,"minions minioncake minionsparty kidsbirthdays cameron cakesnj cake yellow mommysboy instagram com p BRRn6aggUoC",0.000000,neutral
2017-03-05 18:45,"thearmoryshow 92 instagram com p BRRn6XzDmNo",0.000000,neutral
2017-03-05 18:45,"snapchat AlliAguilar Farms Neighborhood instagram com p BRRn54phNf a z3WWoV6UhxmFre2Ip3HkkDV8YQ0",0.000000,neutral
2017-03-05 18:45,"intento ser cheta pero soy del conurbano Manhattan instagram com p BRRn4yCFgxjT 9s58pLRXx o9CaSdQ9qPiBG s0",0.000000,neutral
2017-03-05 18:45,"I m at Alamo Drafthouse Cinema Brooklyn for Get Out in Brooklyn NY swarmapp com c hwX9YUUdS2p",0.000000,neutral
2017-03-05 18:45,"More than Pasta at in New York NY swarmapp com c 0qiay1Hp2Dq",0.318182,positive
2017-03-05 18:45,"OperationCleanMountVernon Day262 Snapple on the floor you know what to do Pick it up in a instagram com p BRRn3 3B2QM",0.000000,neutral
2017-03-05 18:45,"Dinner with samantha rose628 tryallthebeers cookingsoverated instagram com p BRRn30 hTFN7 6jpMC4hiXkhBhLIlxHGlrBfhS00",0.000000,neutral
2017-03-05 18:45,"Bready off dry Works well with roast pork mushroom smoked mozzarell Menabrea 1846 http untp beer s c424969084 photo",-0.066667,negative
2017-03-05 18:45,"safeathome There is an epidemic of child pornography in academia The research is incredibly extensive chilling http ow ly pKZa309BV7O",-0.250000,negative
2017-03-05 18:44,"Proud of my homie jennyrose jro killing it last night at ROH and showing why she s one of the instagram com p BRRn0FrgKP9",0.400000,positive
2017-03-05 18:44,"Good for this style Drinking a Pure Hoppiness by at http untp beer s c424968987",0.457143,positive
2017-03-05 18:44,"Girls just wanna have fun freetheboucle Navy Yard Buliding 3 instagram com p BRRnyn9AulN",0.300000,positive
2017-03-05 18:44,"CLN clothingbrand clothing hit up tshirts York New York instagram com p BRRnyELFPyE",0.136364,positive
2017-03-05 18:44,"Orbital to timelapse in Queens nyc enjoy York New York instagram com p BRRnx4ajQ9P",0.268182,positive
2017-03-05 18:44,"Souperchefannatravelsxnyc day 6 but first coffee The original 3rd wave coffee movement instagram com p BRRnxxog4bW",0.208333,positive
2017-03-05 18:44,"Mezcal to me always tastes like smoke instagram com p BRRnwg4jFhB",0.000000,neutral
2017-03-05 18:44,"Don t forget your stability work proprioception stabilizer intrinsic muscles adaptation instagram com p BRRnwb4h6Pz",0.000000,neutral
2017-03-05 18:44,"Estamos aqu Hibachi Japanese Steak House instagram com p BRRnwJRjJxw",0.000000,neutral
2017-03-05 18:44,"donuts happysunday Marketplace instagram com p BRRnvvKBei3",0.000000,neutral
2017-03-05 18:44,"I m at Lilly s Craft Kitchen in New York NY swarmapp com c 5K6TRlksLIW pic twitter com F4TF46qU0A",0.136364,positive
2017-03-05 18:44,"Concert was exquisite now time to continue putting off thoughts of instagram com p BRRnvC5D2KmA RKsFbBsjqpY5exVOxTify7IzCI0",1.000000,positive
2017-03-05 18:44,"snapchat AlliAguilar Farms Neighborhood instagram com p BRRnuY6hOsiZ o4H2xrnCHvQiwO4I8KPCTJ9nQk0",0.000000,neutral
2017-03-05 18:44,"OperationCleanMountVernon Day261 Found a bottle and picked it up You should do the same instagram com p BRRntzxhz5S",0.000000,neutral
2017-03-05 18:44,"I want to try these but I m afraid of what will happen when I eat them odd brandnames instagram com p BRRntMAFl x",-0.383333,negative
2017-03-05 18:44,"vandaag kan de dag worden dat HET gaat gebeuren via",0.000000,neutral
2017-03-05 18:43,"33rd Annual BMI Moot Court Competition Thank you Broadcast Music Inc for having me and my instagram com p BRRnsAlDe8g",0.000000,neutral
2017-03-05 18:43,"Solo dinner because no one else understand my craving for Italian pasta with red sauce at nyc swarmapp com c 3fuKOzaemPh",0.000000,neutral
2017-03-05 18:43,"currentvibe fuck Harlem instagram com p BRRnrMUDslj",-0.400000,negative
2017-03-05 18:43,"lilbro momdogood STORE NY instagram com p BRRnrH BIT7g dAfENmNOzLxdZJS1qOert9hUO40",0.000000,neutral
2017-03-05 18:43,"Hot Toddy with my hottie a martinez2381 sundayswithalbert marltonhotel House instagram com p BRRnp51Atc3",0.250000,positive
2017-03-05 18:43,"Shaved Brussels sprouts are my favorite fast vegetable to cook with Hot pan oil and they re instagram com p BRRno2ejC7",0.316667,positive
2017-03-05 18:43,"4 hours till showtime at stonewallnyc with special guest showtime at instagram com p BRRnosYhKQY",0.357143,positive
2017-03-05 18:43,"Se or me da una empanada y un RicoMalt por favor Claro instagram com p BRRnoghB6tVk szKhStQbvLb0UUGidtYcC cmH40",0.000000,neutral
2017-03-05 18:43,"Sometimes its super hard to get a non blurry picture of MrBiggles He always moves instagram com p BRRnoJZgZHb",0.020833,positive
2017-03-05 18:43,"Whoa this is almost 2 years old NYC Astoria Queens shitty video guitar music fun instagram com p BRRnn fANXQ",0.200000,positive
2017-03-05 18:43,"El que viene a New York jajaja tiene que venir a la duarte con Par s de New York jajaja instagram com p BRRnnw2gt1t",0.136364,positive
2017-03-05 18:43,"UFFF WE HERE RAMMED THANK YOU oldsklfrank74 dtmbday2017 instagram com p BRRnnlQji4D",0.000000,neutral
2017-03-05 18:43,"So excited to visit Mew York City next weekend for Cat Camp Notso Kitty is table 6 8 See you instagram com p BRRnnXFDToO",0.187500,positive
2017-03-05 18:43,"It s rude to point airplane cloud Bridge instagram com p BRRnmnYDVMQ",-0.300000,negative
2017-03-05 18:42,"Wonderfully blobby works by Dan Lam sopopomo at SCOPE art booth Art Show instagram com p BRRnlVwDeo6",1.000000,positive
2017-03-05 18:42,"I m at PATH Harrison Station in Harrison NJ swarmapp com c jJoROg9tTnu",0.000000,neutral
2017-03-05 18:42,"Just posted a photo Brooklyn instagram com p BRRnkcMga8F",0.000000,neutral
2017-03-05 18:42,"Victory Blackboard 5 Cream Ale With Cold Brew Coffee now available on tap http brmn us JVAxD5 BeerMenus",-0.100000,negative
2017-03-05 18:42,"Philly timelessmasterpiece215 Square Garden 1890 instagram com p BRRni24gFNU",0.000000,neutral
2017-03-05 18:42,"Hibachi time Hibachi Japanese Steak House instagram com p BRRniPmDuRW0 fQVJ Ek2T HYJVPMOji3Y26tjk0",0.000000,neutral
2017-03-05 18:42,"El que viene a New York jajaja tiene que venir a la duarte con Par s de New York jajaja instagram com p BRRnhe1gjqZ",0.136364,positive
2017-03-05 18:42,"barrio de Nueva York instagram com p BRRnhTph8Ke",0.000000,neutral
2017-03-05 18:42,"So uh I met fisher ok cool bye he made me cry a whole lot An American Musical instagram com p BRRnhBcjpQx",0.210000,positive
2017-03-05 18:42,"flamingo parade Spring Break Art Show Square New York City Manhattan instagram com p BRRngC0B5li",-0.056818,negative
2017-03-05 18:42,"Locked in with as he gets ready for his performance at BB Kings on March 23rd instagram com p BRRnfNHjg4i",0.200000,positive
2017-03-05 18:42,"Sometimes even a gloomy day makes for a great photo instagram com p BRRneyQD3nEw olXjIP ExZ1shGzCpCl2OfLA3E0",0.800000,positive
2017-03-05 18:42,"Maragaritas and Nadaritas with Caitlon at in New York NY swarmapp com c 6QE5oe4ZwPh pic twitter com mPbEPzqY4z",0.136364,positive
2017-03-05 18:41,"Celebrating the life of with his two favorite things friends food HappyBirthday instagram com p BRRnbfhjq2E",0.500000,positive
2017-03-05 18:41,"I m at West Village in New York NY swarmapp com c b6W0k68mfkM",0.136364,positive
2017-03-05 18:41,"fave Corp instagram com p BRRnafDAHdD",0.000000,neutral
2017-03-05 18:41,"Brooklyn Brooklyn We go hard Getting right in BK brooklyn Brooklynets rocafella jayz instagram com p BRRnZjhFk7s",-0.002976,negative
2017-03-05 18:41,"Abt last night rockin my TrashandVaudevilleBoutique Swaggy Shirt CoyoteFurMean instagram com p BRRnYrmjc6Q",0.000000,neutral
2017-03-05 18:41,"El que viene a New York jajaja tiene que venir a la duarte con Par s de New York jajaja instagram com p BRRnYVDAwSz",0.136364,positive
2017-03-05 18:41,"Hill Farmstead Harlan now available on tap http brmn us JVAxD5 BeerMenus",0.400000,positive
2017-03-05 18:41,"Manhattan Skyline manhattan skyline skyscrapers NYC night York New York instagram com p BRRnXamgDl1",0.136364,positive
2017-03-05 18:40,"Manhattan sunset upperwestside sundaynight resting evenings http ln is www instagram com p zOnQG",0.000000,neutral
2017-03-05 18:40,"We know what you did last summer this caption makes me laugh so couldn t resist Photo instagram com p BRRnWMKlyq4",0.150000,positive
2017-03-05 18:40,"nyc sunset 3 5 17 Street Pier instagram com p BRRnVl jz8V",0.000000,neutral
2017-03-05 18:40,"M s Bueno que es As Hibachi Japanese Steak House instagram com p BRRnUAajmbs",0.000000,neutral
2017-03-05 18:40,"Last night Allstar LiFECREW crewluminati Night Club instagram com p BRRnTfyjf5T",0.000000,neutral
2017-03-05 18:40,"After months of spending alone time with Mary Jane on the weekends I m happy to announce the instagram com p BRRnUhwjkl2",0.800000,positive
2017-03-05 18:40,"Mommy and Me classes Art music playandlearn mommyandme mommypoppins mommy instagram com p BRRnUPwFgwX",0.000000,neutral
2017-03-05 18:40,"I m at in New York NY swarmapp com c caY9iFVETJr",0.136364,positive
2017-03-05 18:40,"I m always on a mission peaceandlove Musical producerslife PVTNATION havin instagram com p BRRnRLmhrIC",0.000000,neutral
2017-03-05 18:40,"I m sure Coutinho has never seen a request of that ilk Ever",0.500000,positive
2017-03-05 18:40,"I m at MTA Subway 18th St 1 in New York NY swarmapp com c 3jf1YI7kMm5",0.136364,positive
2017-03-05 18:39,"Afternoon tea E Bar Lounge e bar in New York NY swarmapp com c 3dDBTaipFqp pic twitter com 8Nm7f0XhjG",0.136364,positive
2017-03-05 18:39,"madamemelange cremebrulee leeksoup newarkairport Liberty International Airport instagram com p BRRnO0jD71r",0.000000,neutral
2017-03-05 18:39,"Me and my brother day2day begreat inspiration supporting family instagram com p BRRnO14DQgX",0.250000,positive
2017-03-05 18:39,"I m at Sushi D in Brooklyn NY swarmapp com c eGgwGq1yXyN",0.000000,neutral
2017-03-05 18:39,"Tacos Veloz in NY swarmapp com c 8bsRkfTusO9",0.000000,neutral
2017-03-05 18:39,"view newjersey restaurant bar couple family iphone7 sunday beer wine dinner follow instagram com p BRRnMfHFfs1",0.000000,neutral
2017-03-05 18:39,"Mmmmm lasagna Beastly is on his second plate already sundaydinner lasagna foodporn instagram com p BRRnMIyldrS",0.000000,neutral
2017-03-05 18:39,"We just let the Good music do the talking and watch Social Media react this is going to be instagram com p BRRnMVxBoP3",0.366667,positive
2017-03-05 18:39,"In the old days men were absorbed in wars filling all their existence with matches raids instagram com p BRRnK1ihMse",0.200000,positive
2017-03-05 18:39,"16 michelin Chef 42 seconds long video of this instagram com p BRRnKksDMjhL 3j5xbD5ZBPOobhXym8y2z E4M0",-0.050000,negative
2017-03-05 18:39,"I m at MTA Subway 23rd St 1 in New York NY swarmapp com c 67rnDn2onEx",0.136364,positive
2017-03-05 18:38,"Kiss me your Irish Island St Patricks Day Parade instagram com p BRRmMVIBAY1z 8n15cd1WMWH 02ntCgYhvg35Zs0",-0.125000,negative
2017-03-05 18:38,"Charles Harbison yahdonisrael com my literaryswa g interviews 1 charles harbison",0.000000,neutral
2017-03-05 18:38,"Beer pong at Bar Grill in New York NY w swarmapp com c fRa1TnYJpZy",0.136364,positive
2017-03-05 18:38,"Just posted a photo Riverfront Park instagram com p BRRnFMdFZok2 ZzvEnSiKLt16hQ8tWLFU7zrJ0w0",0.000000,neutral
2017-03-05 18:38,"I m at Jimerson Apartments in Brooklyn NY swarmapp com c bUOhG94Hxa4",0.000000,neutral
2017-03-05 18:38,"Fun with Fission Cool plugin and just the right thing tonight eventide fission soundtoys instagram com p BRRnD 9gXZt",0.311905,positive
2017-03-05 18:38,"Absolutely nuts Mother Nature RT Have a happy and safe end to your weekend weather nyc pic twitter com Pgmo7iGbHo",0.500000,positive
2017-03-05 18:38,"Just won a new NYCFC hat scarf and 2 tickets in the 100 level for instagram com p BRRnDVzDvOm9 j1phx70LgAcDdB6PIpSA2OPhuQ0",0.136364,positive
2017-03-05 18:38,"resistance grandcentralstation nyc today Central Terminal instagram com p BRRnCfmlDrk",0.000000,neutral
2017-03-05 18:38,"My grandmother been living at the same place in Brooklyn for 40 years Love her perseverance instagram com p BRRnCDoAdai",0.250000,positive
2017-03-05 18:38,"KateMcKinnon kellyanneconway SNL Plaza NBC studios instagram com p BRRnBUZj6Pc",0.000000,neutral
2017-03-05 18:37,"Why Agricultural Photography kevinkeenanphotography com blog 2017 3 5 why agricultural photography",0.000000,neutral
2017-03-05 18:37,"being 850 feet above ground is cool but it s even cooler if you get political Of The Rock NYC http ln is www instagram com p VnRCU",0.116667,positive
2017-03-05 18:37,"famlife thedayafter brunchin wefamily Street Bar Grille instagram com p BRRm V2j1o4",0.000000,neutral
2017-03-05 18:37,"Good Win Today RiversideHawks TheChurch BallisLife instagram com p BRRm uqB2bsi ZQIYjnPaIZpcOFnMfzso0yc mY0",0.750000,positive
2017-03-05 18:37,"What s a trip to a museum without getting weird looks from strangers Metropolitan Museum instagram com p BRRm Vaj66V",-0.500000,negative
2017-03-05 18:37,"chocolate chocolate chocolate treatyoself nycphotography instacity instagram com p BRRm9oPA7Eo",0.000000,neutral
2017-03-05 18:37,"Sunday Vibes District NYC instagram com p BRRm9DXBp6h",0.000000,neutral
2017-03-05 18:37,"I m at MTA Subway 28th St 1 in New York NY swarmapp com c 0b3l4W6SCJH",0.136364,positive
2017-03-05 18:37,"Drinking a Super Bad by Spirits and Ales http untp beer s c424964956",-0.183333,negative
2017-03-05 18:37,"I m at InterContinental New York Times Square in New York NY swarmapp com c 97XJ1YSmctt",0.136364,positive
2017-03-05 18:37,"Sunday s beers with Billy Stack in New York NY swarmapp com c gGXTDECEznK",0.136364,positive
2017-03-05 18:37,"Good luck baby girl Ballet School instagram com p BRRm6VqATkEj 9f aHTA1dLk9GJVbKxudHIMXo0",0.700000,positive
2017-03-05 18:37,"Sunday Blues Brooklyn instagram com p BRRm5 fhftj",0.000000,neutral
2017-03-05 18:37,"Warriors with the family madisonsquaregarden knicks warriors nba nyc instagram com p BRRm57WBa8T",0.000000,neutral
2017-03-05 18:36,"Sunday and the sun has set instagram com p BRRmupFglTZ",0.000000,neutral
2017-03-05 18:36,"No one is home to play Reservoir instagram com p BRRm4ysDXJm8 XMEkxRWPl9Z7Ail9DFI7M2hCtg0",0.000000,neutral
2017-03-05 18:36,"Da Bronx sundayfunday City instagram com p BRRm2rgBtwgS QFjXp2obAnNbaWj9MvrJbHMKvU0",0.000000,neutral
2017-03-05 18:36,"Ramirez getting the walking boots and cortisone shots ready",0.200000,positive
2017-03-05 18:36,"Another sundaysunset after a productive day of open houses and meeting with instagram com p BRRm0f DfuW",0.000000,neutral
2017-03-05 18:36,"El que viene a New York jajaja tiene que venir a la duarte con Par s de New York jajaja instagram com p BRRm0BugiB1",0.136364,positive
2017-03-05 18:36,"A04002 NEW Relates to the appointment of members of the battery park city authority http bitly com Wkx8St",0.136364,positive
2017-03-05 18:36,"This record from my archives is personal It s not from anyone famous What s great about it is instagram com p BRRmzTxl1JH",0.433333,positive
2017-03-05 18:36,"In New York it seems like there s no monday or saturday or sunday The city is always moving instagram com p BRRmtdrA1pK",0.136364,positive
2017-03-05 18:36,"Quien me saca la sonrisa si estoy en este lugar of instagram com p BRRmy iF1Wam uxOj8JMoP4wIQ yP4vxUWiwoxA0",0.000000,neutral
2017-03-05 18:36,"I m at Regal Cinemas Battery Park 11 for Logan in New York NY swarmapp com c aP1EigBMfm5",0.136364,positive
2017-03-05 18:35,"meganwhitmarsh at springbreakartshow newyorkcity meganwhitmarsh Nast instagram com p BRRmyVjBkic",0.000000,neutral
2017-03-05 18:35,"I m at Brooklyn Beso in Brooklyn NY swarmapp com c 5TSDQ6CPXUO",0.000000,neutral
2017-03-05 18:35,"SUNDAY NITE WHAT ELSE Asian Cuisine in New York NY swarmapp com c fzF8gMDlXh1",0.068182,positive
2017-03-05 18:35,"Tonics s Bar Kitchen in New York NY swarmapp com c gTJoaO4wXS9",0.136364,positive
2017-03-05 18:35,"regrann from PuertoRico Finaliza el d a en Maunabo elier2423 photos SC instagram com p BRRmxxJg5Pv",0.000000,neutral
2017-03-05 18:35,"Annual Family Sunday Funday ABronxTale instagram com p BRRmxZ3Bun9",0.000000,neutral
2017-03-05 18:35,"2 month progress instagram com p BRRmwzOD8L7L 5mF7wISASkfJ299O680yxvRmak0",0.000000,neutral
2017-03-05 18:35,"sweet potato gnocchi with brown butter and sage make sure you kiss the chef sundaydinner instagram com p BRRmwWRjbQp",0.425000,positive
2017-03-05 18:35,"This is the Bronx beautiful nights in NYC sundayfunday instagram com p BRRmv93hPtKv 2zYyj9ndanHEKhp7lWy9vDdF5U0",0.850000,positive
2017-03-05 18:35,"Love all But seriously you want me to be perspiring all over you I don t think so But if I instagram com p BRRmvmmjxMh",0.083333,positive
2017-03-05 18:35,"Junto al campe n argentino del tenis delpotrojuan xitos y mucha salud Marriott instagram com p BRRmuRzD1vG",0.000000,neutral
2017-03-05 18:35,"Just posted a photo University instagram com p BRRmuHJA 2Ov nQL8AHm8o2ZXOvZHO7Fjj TOPk0",0.000000,neutral
2017-03-05 18:35,"Let s go NYCFC Ryansdaughter Daughter instagram com p BRRmtvbAWbU",0.000000,neutral
2017-03-05 18:35,"All material things are eventually destroyed maybe that is why they are so beautiful Someday we instagram com p BRRmtMNBwIU",0.850000,positive
2017-03-05 18:35,"Sunday done right ramen alldayeveryday Yebisu instagram com p BRRmsA1jPp",0.285714,positive
2017-03-05 18:35,"I m at Midtown Manhattan in New York NY swarmapp com c lwq7xzvuWdf",0.136364,positive
2017-03-05 18:35,"New York trends now Tommy Page Russia Bron Jeff Sessions Trump Tower http toplocalnow com us new york ci ty topics",0.136364,positive
2017-03-05 18:35,"WORDS TO LIVE BY HAPPY SUNDAY EVERYBODY VONBOOZIERTWINS York New York instagram com p BRRmrHfBwWg",0.357576,positive
2017-03-05 18:34,"I m at MTA Subway 34th St Penn Station 1 2 3 in New York NY swarmapp com c 0K93mKMDD7i",0.136364,positive
2017-03-05 18:34,"Just posted a photo Bridge instagram com p BRRmpivgtg8",0.000000,neutral
2017-03-05 18:34,"We had a blast this afternoon teaching beautiful Baloo to come when called at the park We instagram com p BRRmpKuhNu",0.850000,positive
2017-03-05 18:34,"El que viene a New York jajaja tiene que venir a la duarte con Par s de New York jajaja instagram com p BRRmoddAaWX",0.136364,positive
2017-03-05 18:34,"Sunday Ribday Low and slow baby backs with a side of Asian inspired eggplant zucchini and red instagram com p BRRmn2elvKO",-0.075000,negative
2017-03-05 18:34,"it was soooo amazing",0.600000,positive
2017-03-05 18:34,"Forever laughing Newark nj newjersey carousel horses laughing streetphotographer street instagram com p BRRmnrojOqm",0.000000,neutral
2017-03-05 18:34,"The sun may be setting but my birthday night is just beginning sunset birthdaycelebration instagram com p BRRmlhah4jo",0.000000,neutral
2017-03-05 18:34,"Swans and Snow Geese on the Prospect Park Lake Park instagram com p BRRmlK3DjNY",0.000000,neutral
2017-03-05 18:34,"Chillin like she lives in NYC prouddad joffreyballetschool instagram com p BRRmkW2gNYon 3dHteK0Zpe1xYfhNLp8V4nbRPU0",0.000000,neutral
2017-03-05 18:34,"Don t miss out on the fun as Curvypreneur with Tjameika will be going on in Brooklyn NY on Mar instagram com p BRRmi7oBPBs",0.300000,positive
2017-03-05 18:33,"Chillin wit my Auntie at the RoundRobin gina7409 Street Cafe instagram com p BRRmjXPhknh",0.000000,neutral
2017-03-05 18:33,"I can t take it Growing so fast brooklyn daddyslittlegirl Slope Christian Tabernacle instagram com p BRRmiBQldpA",0.100000,positive
2017-03-05 18:33,"brontausarusrib huge bbq mightyquinn nyc 1492 instagram com p BRRmh75D6T5g HHiZ8DvfZvZi6RvIBBbmTK7gBA0",0.400000,positive
2017-03-05 18:33,"jaivian handsome freshcut tapeup michaelsbarbershop thanks to instagram com p BRRmgqRBl1YR v ejCuWxTVXJuN8ov1j42P8Kn00",0.350000,positive
2017-03-05 18:33,"I m at AMC Loews Lincoln Square 13 for Logan in New York NY swarmapp com c 9zKkzfFFSEm",0.136364,positive
2017-03-05 18:33,"When youre This Cute even dudes on TV be Checkn you out from Behind ImSoPurplely instagram com p BRRmfBMgBZy",0.050000,positive
2017-03-05 18:33,"Day one down Now we post show food and drink and weird out the tables next to us Happy to instagram com p BRRmfyflSdY",0.036111,positive
2017-03-05 18:33,"45 has spent more time at Mar a Lago than the White House may b he shd just make that his residence save tax",0.133333,positive
2017-03-05 18:33,"I m at Lincoln Square in New York NY swarmapp com c g2nJ4cO92wm",0.136364,positive
2017-03-05 18:33,"At the sarahandersencomics event and the book cover is fuzzy it s totally instagram com p BRRmebsFu5W",0.000000,neutral
2017-03-05 18:33,"MISKEEN Geek My mentor iammiskeen family scope artists fashion Painting instagram com p BRRmenwAUxC",0.000000,neutral
2017-03-05 18:33,"Back to work tomorrow What are you wearing Have you read my latest instagram com p BRRmG5kgnKE",0.250000,positive
2017-03-05 18:33,"LINK IN MY BIO Lounge instagram com p BRRmeJfBfoc",0.000000,neutral
2017-03-05 18:33,"Tram ride rooseveltisland tramride nyc Island Tramway instagram com p BRRmdt3lHek",0.000000,neutral
2017-03-05 18:33,"mmmmm im love Swirl Crepe in New York NY swarmapp com c jNcnWumLP8f",0.318182,positive
2017-03-05 18:33,"2160 Fifth Avenue Manhattan pic twitter com NyKYouHrcc",0.000000,neutral
2017-03-05 18:32,"I m at MissArcheloise in Brooklyn NY swarmapp com c 4bN48ZdNma8",0.000000,neutral
2017-03-05 18:32,"FML LOL ART ARMORYSHOW ARMORY Armory Show instagram com p BRRmbb6ASNL",0.800000,positive
2017-03-05 18:32,"famlife thedayafter brunchin wefamily Street Bar Grille instagram com p BRRmaPhD3lX",0.000000,neutral
2017-03-05 18:32,"Peep the Dora pi ata 408 instagram com p BRRma Mgb E",0.000000,neutral
2017-03-05 18:32,"I m at The York Theatre Company in New York NY swarmapp com c 3no5esJ8Ub9",0.136364,positive
2017-03-05 18:32,"World Trade Center instagram com p BRRmZk3AnpwH 40AMLno IqmmfOlR0yMXVvYUo40",-0.100000,negative
2017-03-05 18:32,"Que Tengan Unas Buenas Tarde Noches Dios Me Los Bendiga Bronx instagram com p BRRmWzDghoT",0.000000,neutral
2017-03-05 18:32,"I m at St Sebastian Roman Catholic Church in Woodside NY swarmapp com c 1RIEOgjcYU2",0.000000,neutral
2017-03-05 18:32,"I m at MissArcheloise s Home in Brooklyn NY swarmapp com c e1Kyk0AZ9a5",0.000000,neutral
2017-03-05 18:32,"From One World observatory WORLD OBSERVATORY instagram com p BRRmZErhz3q",0.000000,neutral
2017-03-05 18:32,"New York state of mind High Line instagram com p BRRmX7NFHDt4 Nr5HNc9Ebt7GzWjrk6q57E8N340",0.148182,positive
2017-03-05 18:32,"Dressed to go out for Sunday dinner in NYC personalstyle vanity blazer pocketsquare instagram com p BRRmX72BQD4",0.000000,neutral
2017-03-05 18:32,"Brand new theatre lincolncenter newyork manhattan nyc AMC Theatre IMAX http ln is www instagram com p 3UksQ",0.136364,positive
2017-03-05 18:32,"Highlight of my last NYC trip was definitely getting to visit this amazing library I would ve instagram com p BRRmVHBhf54",0.200000,positive
2017-03-05 18:31,"Last night was litty bday n few hours York New York instagram com p BRRmTy7DESL",-0.021212,negative
2017-03-05 18:31,"Sunday nap times with my weasel charlottethekitty East instagram com p BRRmS45jL2Ku UnkjmNDrHXjSqs2HBV7MMwR4lk0",0.000000,neutral
2017-03-05 18:31,"I mean birdiec home love barrrbaz York New York instagram com p BRRmS2njhBAp BGa7AAYw28u4iQqgHA9KUjm3WU0",0.107955,positive
2017-03-05 18:31,"Unforgettable Times York New York instagram com p BRRmST1lY4J",0.468182,positive
2017-03-05 18:31,"I m at BP in Brooklyn NY swarmapp com c gpMffsHBPcF",0.000000,neutral
2017-03-05 18:31,"One of the best dumplings in NYC Zhou Hand Made Noodle And Dumpling instagram com p BRRmRc5hqSZ",1.000000,positive
2017-03-05 18:31,"twilight goldenhour gf usa gf nyc gf daily brooklynnyc brooklyn park nofilter instagram com p BRRmRzVB7dE",0.000000,neutral
2017-03-05 18:31,"mcchewy Central Terminal instagram com p BRRmQ pDCZw",0.000000,neutral
2017-03-05 18:31,"feelin bueno here in nyc Park instagram com p BRRmRErDNWB",0.000000,neutral
2017-03-05 18:31,"I m at Regal Cinemas Union Square 14 for Logan in New York NY swarmapp com c fIgjdvlAF3s",0.136364,positive
2017-03-05 18:31,"Obsessed First its the length of my body and second it s 49 00 you re good but instagram com p BRRmQTDDXNt",0.112500,positive
2017-03-05 18:31,"I m at Chelsea in New York NY swarmapp com c 7g0BoJJzmDW",0.136364,positive
2017-03-05 18:31,"You ve got to win a little lose a little yes and always have the blues a little That s the instagram com p BRRmOcSlQIL",0.059375,positive
2017-03-05 18:31,"happy birthday G cemita instagram com p BRRmN6iAkTCa pUYqvKsdH98xI8DLN635GkvkpQ0",0.800000,positive
2017-03-05 18:31,"Sundays at evolve Snapchat susivillanyc Sunday Let s party With the hottest girls from nyc at instagram com p BRRmN0gAOCV",0.000000,neutral
2017-03-05 18:30,"Back again York Penn Station in New York NY swarmapp com c 7GhJ1FQedTC",0.068182,positive
2017-03-05 18:30,"B E A C O N TOUCHFEEL earlystages summoning ancestors summoning instagram com p BRRmNUtjQFl",0.000000,neutral
2017-03-05 18:30,"This album so lit taylorbennett restorationofamerica taylorbennett New Jersey instagram com p BRRmLVCF2i9",0.136364,positive
2017-03-05 18:30,"The last I ll see of the sky over New York for now Looking forward to the next time instagram com p BRRmLc8hUR8",0.045455,positive
2017-03-05 18:30,"Am I gonna be okay funny loveyourself Heights Brooklyn instagram com p BRRmJFuAb4e",0.375000,positive
2017-03-05 18:30,"and then we crafted the extra seat into a bed for the 3 month old nephew when he was instagram com p BRRmKeKBw7h",0.050000,positive
2017-03-05 18:30,"Walking about nyc manhattan newyork lincolncenter Center http ln is www instagram com p 0lPxQ",-0.100000,negative
2017-03-05 18:30,"shibui vase BREAK Art Show instagram com p BRRmJf g XW x1WWFHfg4lgOJ 16bDLTpuzHUM0",0.000000,neutral
2017-03-05 18:30,"Have not been to that one I use the one in lower Manhattan Park Slope is hipster entitlement zone Not surprised",-0.050000,negative
2017-03-05 18:30,"Taking tacos to the streets boutthatlife cashmeoutsidehowboutdat Brooklyn instagram com p BRRmJaaDiVa",0.000000,neutral
2017-03-05 18:30,"raymondpettibon newmuseum bowery nyc blackflag circlejerks upthepunx Museum instagram com p BRRmJS Bi0B",0.000000,neutral
2017-03-05 18:30,"Waiting for my car Had coffee and a muffin delivered this morning I NY spoiled cityglamour instagram com p BRRmI9rDVho",0.000000,neutral
2017-03-05 18:30,"Life its better with him Is In The Air instagram com p BRRGhUdDOjG",0.500000,positive
2017-03-05 18:30,"Tisdale pink moscato sweet night PRstyle Kingdom instagram com p BRRmH5OBbno9 kbNTGxo9vKgoA 08XzFJvLqI6I0",0.125000,positive
2017-03-05 18:30,"Just posted a photo York Manhattan Usa instagram com p BRRmG IDhUL",0.000000,neutral
2017-03-05 18:30,"ik ben trots op je via",0.000000,neutral
2017-03-05 18:30,"One of the many gifts my bae brought me back from his travels Yummy Bubbly Wish you were instagram com p BRRmGmhjovv",0.250000,positive
2017-03-05 18:30,"We were in the building styling profiling RoyalShit instagram com p BRRmGovhBuIW LCkK9w5 xr9BsuElsbwm8gCH80",0.000000,neutral
2017-03-05 18:29,"Frass setting in On to the next stop York New York instagram com p BRRmFamDzlv",0.068182,positive
2017-03-05 18:29,"Faithful subscriber truth likemychineserug ido Gardens Brooklyn instagram com p BRRmEo9DLyk",0.000000,neutral
2017-03-05 18:29,"She is so annoyed at me zelda yorkiesofinstagram yorkie dog s Kitchen Manhattan instagram com p BRRmDkPFNJn",-0.400000,negative
2017-03-05 18:29,"Shoutout wit the teamwork my nigga its like kobe shaq in la calle when it comes instagram com p BRRmClBA1 3",0.000000,neutral
2017-03-05 18:29,"A single arrow often represents protection from instagram com p BRRmDdYF5y2J m3Fm OloJ0DzQ18Wp5UYTCxnAc0",-0.071429,negative
2017-03-05 18:29,"You ve got to give a little take a little and let your poor heart break a little That s the instagram com p BRRmDTyFc D",-0.240625,negative
2017-03-05 18:29,"Happy Birthday Pops NY instagram com p BRRmAFnggHjL J3CEtLJWNaX0UrE5hLJgVkH H40",0.800000,positive
2017-03-05 18:29,"Long run with a few hill repeats towards the end in hopes that Heartbreak Hill doesn t break my instagram com p BRRmBXkDTBj",-0.125000,negative
2017-03-05 18:29,"dan martin penthouseoblivion visual collab via today was surprisingly instagram com p BRRmAFqFQKE",0.350000,positive
2017-03-05 18:29,"I want to thank for enhancing my skills as a makeup artist With absolutely NO instagram com p BRRmADjBLZN",-0.100000,negative
2017-03-05 18:29,"be yourself dont listen to someone who wanna change you via",0.000000,neutral
2017-03-05 18:28,"staypositive keepswimming one day I will find what I m looking for York New York instagram com p BRRl9iVljLN",0.136364,positive
2017-03-05 18:28,"Dan Trepanier yahdonisrael com my literaryswa g interviews 1 dan trepanier",0.000000,neutral
2017-03-05 18:28,"Snooze sleepytime garagesale snooze siesta York New York instagram com p BRRl8YFgWQd",0.136364,positive
2017-03-05 18:28,"paulrichardnyc thankyou for selling us the brooklynbridge brooklynstreetart dripart excited instagram com p BRRl7SxBYOE",0.375000,positive
2017-03-05 18:28,"headed into the work week in style York New York instagram com p BRRgqT7g9ux",0.136364,positive
2017-03-05 18:28,"They caught me slipping after church sleeping instagram com p BRRl7M2g56lu RsEYH uhVi55M98GX5XrdRWVII0",-0.100000,negative
2017-03-05 18:28,"I m at Warby Parker in New York NY swarmapp com c bngury30fwp",0.136364,positive
2017-03-05 18:28,"Hi Gang lots of vids up with my choreo for Power Dance for those requesting it to be posted If instagram com p BRRl578ggRK",0.000000,neutral
2017-03-05 18:28,"A piece of The Berlin Wall newyork manhattan nyc newyorkcity Berlin Wall 520 Madison instagram com p BRRl55ihJJA",0.000000,neutral
2017-03-05 18:28,"I m at in Valley Stream NY swarmapp com c fvSdEmIJNfo",0.000000,neutral
2017-03-05 18:27,"who s worry about monday York New York instagram com p BRRl3QXBL9M",0.136364,positive
2017-03-05 18:27,"Congee with fish chicharron eqdailypic World Mall instagram com p BRRl3O5hQ8k",0.000000,neutral
2017-03-05 18:27,"americanpuppet nuff said York New York instagram com p BRRl1u2j3Ab",0.136364,positive
2017-03-05 18:27,"Seeing Devils on the Sabbath Center instagram com p BRRl1q BGcX",-0.100000,negative
2017-03-05 18:27,"I m at Porta in Jersey City NJ w swarmapp com c egVna9WgpZK",0.000000,neutral
2017-03-05 18:27,"For sale Pick up only no delivery 400 00 Twin size bed Twin size mattress 2 end tables with instagram com p BRRl0CkAmke",0.000000,neutral
2017-03-05 18:27,"About to call action on the nightwingescalation set today in williamsburg actress series instagram com p BRRlz fjOHW",0.100000,positive
2017-03-05 18:27,"Celebrating Daddy instagram com p BRRlzG6DtIU",0.000000,neutral
2017-03-05 18:27,"Shouts breeze hiram abiff For supportthehood SEARCHING FOR people who want to be instagram com p BRRlNQZFiue",0.000000,neutral
2017-03-05 18:27,"OMG GUYS 1K You are all SOOOO amazing I can t believe I hit 1000 I started this blog for instagram com p BRRlzRgAMP0",0.600000,positive
2017-03-05 18:27,"snow crab ahi poke sweet shrimp japanese canapes Spicy shrimp Tempura Roll Steamed Shrimp instagram com p BRRly2jg5py",0.175000,positive
2017-03-05 18:27,"Shout To My Repeat Twin Clients 10years plus They like to party oldschool feelgoodmusic instagram com p BRRlywRg9Xo",0.000000,neutral
2017-03-05 18:27,"Pray For Fashion singersongwriter lightworker York New York instagram com p BRRlymSBGz2",0.136364,positive
2017-03-05 18:27,"Brightwater Towers West Surf Ave Brooklyn NY kph 0m http maps google com maps q 40 5758 37 73 974517",0.000000,neutral
2017-03-05 18:27,"Soaring cherryfivers com blog soaring",0.000000,neutral
2017-03-05 18:27,"When you order duck and half the bird is brought to you Duck with instagram com p BRRlwq lwJ8S EA HLDb fdQ8gWSUejNDr0ggPA0",-0.166667,negative
2017-03-05 18:26,"Com os 30 chegando resolvi celebrar de um jeito diferente Uma comemora o para cada dezena E instagram com p BRRlwUpArrX",0.000000,neutral
2017-03-05 18:26,"I m at in New York NY swarmapp com c gVEDi1jY5eh",0.136364,positive
2017-03-05 18:26,"wip York New York instagram com p BRRlu 8g8yU",0.136364,positive
2017-03-05 18:26,"Because NYC will never leave me of Swords Tattoo in Brooklyn NY swarmapp com c 7GPdp4pUmYP",0.000000,neutral
2017-03-05 18:26,"Backyard summer quincea era vibes eeeeeats mexican 408 instagram com p BRRluWRAPZR",0.000000,neutral
2017-03-05 18:26,"Beat the cold Warm up with a bowl of our Miso Soup misowarmsthesoul gimmemysoup misohungry instagram com p BRRluUPgKd5",0.000000,neutral
2017-03-05 18:26,"Dinner over the city East Side instagram com p BRRluFLByt3m 510y3y0lBmcNQer8wT5gj3 KJY0",0.000000,neutral
2017-03-05 18:26,"T H E I N C R O Y A B L E My Sunday CheatDay treat goes to this house made meringue instagram com p BRRlim5ju49",0.000000,neutral
2017-03-05 18:26,"regrann from rejectzworldwideradio Catch the Unda Da Influence radio show on the Rejectz instagram com p BRRlr3clhLa",0.000000,neutral
2017-03-05 18:26,"Sleeping while standing Petit instagram com p BRRlsEgBWNP",0.000000,neutral
2017-03-05 18:26,"Thomas LaVone Collection Fall 18 of Newark instagram com p BRRlr9oh7H8",0.000000,neutral
2017-03-05 18:26,"S04860 NEW Provides that issuers of debit and credit cards shall pay sales and use taxes directly to the state http bitly com WFdTTZ",0.118182,positive
2017-03-05 18:26,"Step 2 of tonight s recipe for real Apologies to my vegan friends East instagram com p BRRlrL6BDQx",0.200000,positive
2017-03-05 18:26,"grandcentralstation nyc home Central Terminal instagram com p BRRlq SDVhg",0.000000,neutral
2017-03-05 18:26,"Happy Birthday to Vineyard Vines biggest I can t even finish that instagram com p BRRlpFkAEpCC JLAr0LYBOK3yfax0DphlbpMif40",0.800000,positive
2017-03-05 18:25,"Can t wait for summer wtb goodfellas Process instagram com p BRRlpLYALeD",0.000000,neutral
2017-03-05 18:25,"Nothing like a good ol bathroom selfie I have been pretty exhausted these past couple of instagram com p BRRloRvAit7",0.075000,positive
2017-03-05 18:25,"Until next time Voltany2017 10yearsofsolofocus Art Fair instagram com p BRRlnkIBcN2",0.350000,positive
2017-03-05 18:25,"Working with fujifilmx series xt2 xf50140 sunset novoflex gear sunsetsniper skylovers instagram com p BRRlnPLgU0E",0.000000,neutral
2017-03-05 18:25,"5th time s a charm Book of Mormon on Broadway instagram com p BRRlkdojpfh",0.000000,neutral
2017-03-05 18:25,"September 11 Memorial Museum instagram com p BRRljzYg3nX",0.000000,neutral
2017-03-05 18:25,"Klimt masterpiece neuegallerie cozying up to the Lady in Gold ladygold sundayfunday seeking instagram com p BRRljP8g69S",0.000000,neutral
2017-03-05 18:25,"I miss If Then sundayselfie lizcolors teambeththough andelena York New York instagram com p BRRliSZA0RU",0.136364,positive
2017-03-05 18:25,"Electric Blue Vintage Turkish Oushak rug 1 10 x 2 11 495 shipping ups D Oriental Rugs instagram com p BRRliIJD4CF",0.000000,neutral
2017-03-05 18:25,"Never a dull moment with my side kick we out to get fresh for the instagram com p BRRlh34hjKYz nJjbihlIrVnLGOVC My8Ap1NHo0",0.222917,positive
2017-03-05 18:24,"favorite soup is French onion and this is my first time having Panera s it s pretty damn good instagram com p BRRlgx1g9XE",0.340000,positive
2017-03-05 18:24,"Columbia Night always Having fun York instagram com p BRRlgenB12eu TSnso88C zC950a02afzODSk8Y0",0.300000,positive
2017-03-05 18:24,"It s going to be a Logan kind of movie night Bub Loews 34th Street 14 in New York NY swarmapp com c hN9w4GiQnqy",0.368182,positive
2017-03-05 18:24,"The Metropolitan Museum museum art culture inspiration goodtimes instagram com p BRRlgXxgk0Q",0.000000,neutral
2017-03-05 18:24,"Magic moments are fleeting Vanguard instagram com p BRRlfwvgIzHe EZkTSOm UWfITpMxUrdiI4s vg0",0.500000,positive
2017-03-05 18:24,"DIOS por encima de todo Misa cat lica en espa ol para hispanos en nuevayork NYC instagram com p BRRlep0DE0O",0.000000,neutral
2017-03-05 18:24,"Great weekend in NYC theater amazing food Gabriel Kreuther Bar comedy and art Who knew instagram com p BRRleHIhL9o",0.700000,positive
2017-03-05 18:24,"Con las Botas Puestas nyc frio flow manhattan Square instagram com p BQ uDUXDYI c 1jh1LoX7RchKfjL1v DaF1yul80",0.000000,neutral
2017-03-05 18:24,"She still cheating uno zyriah Bronx instagram com p BRRlaF9AF L",0.000000,neutral
2017-03-05 18:24,"Ya estamos en los domingos familiares de cantando te das las que te gustan junto instagram com p BRRlaD6je a",0.000000,neutral
2017-03-05 18:24,"The Sunday Fun continues with and All the good vibes angelofharlem instagram com p BRRlcYSAFAY",0.500000,positive
2017-03-05 18:24,"EastVillage NYC Village Manhattan instagram com p BRRlcEIDYGW",0.000000,neutral
2017-03-05 18:24,"Happy birthday to the one and only my girl New York instagram com p BRRlbgPgAPI",0.312121,positive
2017-03-05 18:24,"Dinner for Sunday night and a little tv Park Boulevard instagram com p BRRlZ0lF NB",-0.187500,negative
2017-03-05 18:23,"Best Chicken Waffles chickenandwaffles with blackmagicstout instagram com p BRRlagig2Ba",0.200000,positive
2017-03-05 18:23,"Lost in the crowd ootd whatiwore mystyle everydaystyle blog Square New York City instagram com p BRRlZ Khhzi",0.136364,positive
2017-03-05 18:23,"With the fellas York instagram com p BRRlZPRhp3Yh X9QBSERs2 7GfZlZ1vTM7Xu Dc0",0.000000,neutral
2017-03-05 18:23,"I m at Puente de Brooklyn in New York NY swarmapp com c 4exaVQCki8T",0.136364,positive
2017-03-05 18:23,"A night to remember Thank you for reminding me why I fell in love with choral instagram com p BRRlWZBlHG1",0.500000,positive
2017-03-05 18:23,"view newjersey monday sunday familyrestaurant dinner follow Jackpot Bar and Grill instagram com p BRRlWCQltZw",0.000000,neutral
2017-03-05 18:23,"Thanks To The Beautiful Ladies Always Spreading That Brooklyn Love at Caoba instagram com p BRRlWDDDhCb",0.516667,positive
2017-03-05 18:23,"18 days without running dictator Deb s orders and then another 15 instagram com p BRRlVHjjwqNJ Qj1 pyzimyopK 7eiACyDmAZj80",0.000000,neutral
2017-03-05 18:23,"Don t stop get it get it Historic District instagram com p BRRlVLxgYBy",0.000000,neutral
2017-03-05 18:23,"Switching to Natural Deodorant babeandbeauty com home 2016 6 23 switching to natural deodorant",0.100000,positive
2017-03-05 18:23,"Photo tours with shootnycity instagram com p BRRlTW hdGS",0.000000,neutral
2017-03-05 18:22,"My experiences at Whole Foods has always been good which one did you go to",0.450000,positive
2017-03-05 18:22,"Who dat Family brunch w cherrypea47 sunday brunch love family soulfood Ruth s instagram com p BRRlSmHABfU",0.500000,positive
2017-03-05 18:22,"Drinking a Throw Some Mo by at http untp beer s c424956850",0.000000,neutral
2017-03-05 18:22,"When my father in law records us dancing bachata loveofmylife instagram com p BRRlQXig G5S oQxy4KsOVKPCjKdkIIIjDXSd1s0",0.000000,neutral
2017-03-05 18:22,"Small girl big city Square New York City Manhattan instagram com p BRRlP5OD8vB",-0.037879,negative
2017-03-05 18:22,"lookn like a FETTY boss bossbitch fettywap snapcode queens astoria nyc prettyonfleek instagram com p BRRlPxDgVw2",0.000000,neutral
2017-03-05 18:22,"Went exploring in tstew2014 neighborhood meatpackingdistrict but didn t get to see thee instagram com p BRRlPn2AQFb",0.000000,neutral
2017-03-05 18:22,"Dinner Break in Elizabeth NJ swarmapp com c 8HyIOcdNpD2",0.000000,neutral
2017-03-05 18:22,"streetarts streetphotography brooklynnyc nyc usa muralarts graffitiart publicarts instagram com p BRRlPP7jUyf",0.000000,neutral
2017-03-05 18:21,"fashion style stylish love radiantcutdiamond me cute photooftheday nails hair beauty instagram com p BRRlLU2gV6R",0.500000,positive
2017-03-05 18:21,"Yesterday with Sal of Fever Records At the Forever Freestyle Concert freestyle instagram com p BRRlLMYAlAL",0.000000,neutral
2017-03-05 18:21,"Little Lady Lara LOVES avacado and pretty much everything else ShesAnEater GodDaughter instagram com p BRRlKW4BKjk",0.087500,positive
2017-03-05 18:21,"Spicy hot oiled seared noodles xianfamousfoods flushing queens chinesefood chinatown instagram com p BRRlIFzjEvi",0.250000,positive
2017-03-05 18:21,"Comemorando os 16 relembrando a melhor viajem de todas Square New York City instagram com p BRRlHI8jm7P",0.136364,positive
2017-03-05 18:21,"Indonesian beef rendang with kaffir lime and yellow rice wecookedthis plated Meer instagram com p BRRlG5vlXgy",0.000000,neutral
2017-03-05 18:21,"Last long run before unitednychalf centralpark Park West NYC instagram com p BRRlHBHDrTg",-0.025000,negative
2017-03-05 18:21,"gustavohandsbeautyartistry gustavohands com redhair fabulosity haircolor York New York instagram com p BRRlGiZDeiW",0.136364,positive
2017-03-05 18:21,"miss you already Rach rachelmeiselas babygirl iloveyou firstborn london theweeknd instagram com p BRRlFZcD2G7",0.000000,neutral
2017-03-05 18:21,"sizzling ribeyesteak ikinaristeak cheapeatsnyc standingroom japanese salad instagram com p BRRlFAzjzfl",0.000000,neutral
2017-03-05 18:21,"Just posted a photo Pat s Bar Grill NYC instagram com p BRRlFVEAAL1O mnTniqlmVthbuZddw42AaajtIE0",0.000000,neutral
2017-03-05 18:21,"vintage ash tray Thrift Shop instagram com p BRRlEz lzHk",0.000000,neutral
2017-03-05 18:21,"Drinking a Smithwick s by s http untp beer s c424955578",0.000000,neutral
2017-03-05 18:21,"Sexy Amy Freeze Making any cold weather look hot as hell On instagram com p BRRlEpHj8HPM WTGwIhkNGmLnpEvnRyN54xepHQ0",0.050000,positive
2017-03-05 18:20,"Here they found life because here there was freedom to live Frankin Delano Roosevelt instagram com p BRRlCvCjiz",0.136364,positive
2017-03-05 18:20,"The evolving style through the eras of picabia MOMA modernart nyc most kindly thx to instagram com p BRPGQTkATde",0.550000,positive
2017-03-05 18:20,"Author and Spoken Word Black Cats Cafe instagram com p BRRlCtIDF0N",-0.166667,negative
2017-03-05 18:20,"This is how she meditates literally inches away from a heater on high I guess she s instagram com p BRRlB0aB1pL",0.160000,positive
2017-03-05 18:20,"Almost 4 hours to get this pie but damn it s good difarapizza nyc difara difarapizza pizza instagram com p BRRlBQWgXzm",0.700000,positive
2017-03-05 18:20,"I m at Torishin in New York NY w swarmapp com c b1jSehYfeLm",0.136364,positive
2017-03-05 18:20,"Mobile Monsters wip for paperwork show artexhibit artwork paperart canson 49 instagram com p BRRlAXXjpyP",0.000000,neutral
2017-03-05 18:20,"This looks glam but I was actually balancing a piece of pizza a new vacuum cleaner when it instagram com p BRRlAP6hKL2",0.042677,positive
2017-03-05 18:20,"city lovin York New York instagram com p BRRlAImA84D BRO TZhgoQgQnST6hkcEs3Z000",0.136364,positive
2017-03-05 18:20,"Comer beber acompa iado con bella musica Feliz cumplea os sweetlittlecakes y gracias a el instagram com p BRRk 10AanB",0.000000,neutral
2017-03-05 18:20,"They are all literally little angels in my life yourescuedme adoptAHS volunteerlife instagram com p BRRk AIh1M",-0.187500,negative
2017-03-05 18:20,"Late afternoon sunshine in Harlem over 135 nyc harlem schomburgcenter librariesofinstagram instagram com p BRRk aQhs2n",-0.300000,negative
2017-03-05 18:20,"Dankje je liet me in de steek voor andere mensen terwijl ik t moeilijk had Goede vrienden via",0.000000,neutral
2017-03-05 18:20,"Join us I m with selling crystals mon Everybody instagram com p BRRk9fEDgeO",0.000000,neutral
2017-03-05 18:19,"T H E I N C R O Y A B L E My Sunday CheatDay treat goes to this house made meringue instagram com p BRRk3erDE t",0.000000,neutral
2017-03-05 18:19,"I m at Wayne Manor Bat Cave in New York NY swarmapp com c aOCyhVPESXq",0.136364,positive
2017-03-05 18:19,"Miriam considers the fish and then jets mno Science Center instagram com p BRRk83chBRz",-0.100000,negative
2017-03-05 18:19,"Cleo was ready to play today at the MSC Kickoff Classic but the refs were sticklers No shin instagram com p BRRk68BlYhx",0.183333,positive
2017-03-05 18:19,"Just a few hubbers in NYC bringing on more local heros This time at instagram com p BRRk3YCDfqi Ewxn KF7CmYC0 AwbIdCn4f zg0",0.100000,positive
2017-03-05 18:19,"Divos m ximos nosotros ata instagram com p BRRk3c5hynwj 9qrKT4TGhg ZmMJS23qO jCn U0",0.000000,neutral
2017-03-05 18:18,"trusttheprocess York New York instagram com p BRRk1i8Dyqfw h DlBkS5n61j9lG01hBbDqEdl80",0.136364,positive
2017-03-05 18:18,"Well sometimes I go out by myself and I look across the water NYC sunset valerie instagram com p BRRk1gXAH4e",0.000000,neutral
2017-03-05 18:18,"Alicat in Wonderland Armory Show instagram com p BRRk1NxjmMVj DJjUn sDdHAp pfLJdIhLIfhZE0",0.000000,neutral
2017-03-05 18:18,"centralpark ny nyc vacation Park instagram com p BRRk0lOBFAoA 6YTcpgJOI3sp8xYOOu rwV42bQ0",0.000000,neutral
2017-03-05 18:18,"Angel of Mine blacklove us love filter happybirthday to him Kills Centraal instagram com p BRRkz7WAHnx",0.500000,positive
2017-03-05 18:18,"diabetic t1d How I Quit Smoking In 1 Day How I Quit Smoking In 1 Day You May Have Seen http dlvr it NY4N69 type1diabetes diabetes",0.000000,neutral
2017-03-05 18:18,"sunday brunch keeping warm brunch NYC nycbrunch sundays jaceleonel instagram com p BRRkzbQgYqT",0.600000,positive
2017-03-05 18:18,"Brit MarkLeckey taking us to infinity from a perch under a bridge A child of the moon instagram com p BRRkzNpjaCb",0.000000,neutral
2017-03-05 18:18,"diabetic t1d Phone Detox System Phone Detox System 75 Commission On A 297 Smartphone http dlvr it NY4N3b type1diabetes diabetes",0.000000,neutral
2017-03-05 18:18,"Best exhibit at booth beautiful installation of artist Sandeep instagram com p BRRJV00AF08",0.925000,positive
2017-03-05 18:18,"diabetic t1d Sistema Seduccion Prohibida Sistema Seduccion Prohibida Nuevo Mercado http dlvr it NY4MzZ type1diabetes diabetes",0.000000,neutral
2017-03-05 18:18,"selfie Sunday Brooklyn instagram com p BRRjY0MjLLp",0.000000,neutral
2017-03-05 18:18,"Dominated the game yet losing Lets go take over the second half nycfc weareone pirlo instagram com p BRRkxXlAxAa",-0.188889,negative
2017-03-05 18:18,"diabetic t1d Dejar Los Videojuegos Dejar Los Videojuegos Ebook Sobre Dejar La Adicci n http dlvr it NY4Mq5 type1diabetes diabetes",0.000000,neutral
2017-03-05 18:18,"diabetic t1d Quit Smoking Online Quit Smoking Online http Quitsmokingonline com Has Been http dlvr it NY4MpY type1diabetes diabetes",0.000000,neutral
2017-03-05 18:18,"diabetic t1d Quit Smoking In 21 Days Quit Smoking In 21 Days New High Quality Smoking http dlvr it NY4MnJ type1diabetes diabetes",0.148182,positive
2017-03-05 18:18,"diabetic t1d Hilfe Bei Computersucht Hilfe Bei Computersucht E book Eines Ex http dlvr it NY4MmN type1diabetes diabetes",0.000000,neutral
2017-03-05 18:18,"Check out this 660 P5 Aqueduct winningponies com results 2017 0 3 05 Aqueduct 6 10 html",0.000000,neutral
2017-03-05 18:18,"diabetic t1d Encuestas Que Pagan Encuestas Que Pagan Nuevo Producto Con Alta Comisi n http dlvr it NY4MhZ type1diabetes diabetes",0.000000,neutral
2017-03-05 18:18,"diabetic t1d Mind Power Hypnosis Quit Smoking Now Mind Power Hypnosis Quit Smoking http dlvr it NY4MZB type1diabetes diabetes",0.000000,neutral
2017-03-05 18:18,"diabetic t1d The Painless Stop Smoking Cure The Painless Stop Smoking Cure Earn 50 Per http dlvr it NY4MWc type1diabetes diabetes",0.000000,neutral
2017-03-05 18:18,"diabetic t1d Get A New Life Quit Marijuana Now Get A New Life Quit Marijuana Now This http dlvr it NY4MS3 type1diabetes diabetes",0.136364,positive
2017-03-05 18:18,"diabetic t1d 101 Tips To Help You Quit Smoking Forever 101 Tips To Help You Quit http dlvr it NY4MPD type1diabetes diabetes",0.000000,neutral
2017-03-05 18:18,"diabetic t1d Mindmaster Quit Smoking Mindmaster Quit Smoking Hot Product With A http dlvr it NY4MKN type1diabetes diabetes",0.250000,positive
2017-03-05 18:18,"Tuesday s are LITTY again Meet us at GALLIS LOUNGE drinks on kingtreydollas instagram com p BRRku8XB3mO",0.000000,neutral
2017-03-05 18:18,"als naar de WC gaat wens k dr altijd succes via",0.000000,neutral
2017-03-05 18:17,"Before the flight see you in the philippines maam jelai atibroc instagram com p BRRkuc5D1yjA qzA0OcKFxH0pWsQppOaZtEcVj80",0.000000,neutral
2017-03-05 18:17,"My Lovies TonicNYC TimeSquare When u bring ur kids to ur personal hangout spot during instagram com p BRRkuE5Az r",0.000000,neutral
2017-03-05 18:17,"Pretty little latex masks ready to go tableauxvivants latexfashion rubber accessories instagram com p BRRktgbAgFg",0.087500,positive
2017-03-05 18:17,"Date cake with gelato Yummy dessert D Hankrizy sauce saucy http ln is www instagram com p gUSyE",0.000000,neutral
2017-03-05 18:17,"The Walking Dead 9pm Come by and check out our Brand New Menu and also enjoy Kick the Keg instagram com p BRRks3AArml",0.112121,positive
2017-03-05 18:17,"statueofliberty libertyisland newyorknewyork newyork of Liberty National Monument instagram com p BRRksqMgTvb",0.000000,neutral
2017-03-05 18:17,"Couldn t have asked for a better Brunch SundayFunday great food and Greatcompany NYC instagram com p BRRksRJA tK",0.650000,positive
2017-03-05 18:17,"Check out and follow HK WeAreNewYork ny nyc new york newyork instagram com p BRRkqrtgF4t",0.136364,positive
2017-03-05 18:17,"Some memories just stick with you tb oneofmymostfavoritedays 10 52 Manhattan instagram com p BRRko6DgOgG",0.000000,neutral
2017-03-05 18:17,"Damn son Drinking a Mis re Au Borinage by at http untp beer s c424945270 photo",0.000000,neutral
2017-03-05 18:17,"I m at Oh Nuts Boro Park in Brooklyn NY swarmapp com c 0Da2423cN5e",0.000000,neutral
2017-03-05 18:17,"I m at Angel Of Harlem in New York NY swarmapp com c 2hG9EiknRdj",0.136364,positive
2017-03-05 18:17,"Weather now few clouds 35 F 8 mph west northwest wind http toplocalnow com us new york ci ty weather",-0.031818,negative
2017-03-05 18:17,"To the couple I most Jang Jae Hun Park Tae Yee whatsup limjuhwan is always instagram com p BRRkoIAAJZH",0.500000,positive
2017-03-05 18:17,"It really pisses me off that vets are being lied to by other vets that are in the Saudis pocketbook http toplocalnow com us new york ci ty at 17",0.070455,positive
2017-03-05 18:17,"Ya know I was JUST asking myself why no one had capitalized on a Jetson s WWE crossover instagram com p BRRknfojHOJ",0.000000,neutral
2017-03-05 18:17,"I m at Achilles Heel in Brooklyn NY swarmapp com c dGL4pMGMmuk",0.000000,neutral
2017-03-05 18:16,"Xi an Famous Food menu xi an chinesefood flushing queens Chinatown instagram com p BRRknCrD8S1",0.500000,positive
2017-03-05 18:16,"Just posted a photo Square Park instagram com p BRRkml2B6zZ",0.000000,neutral
2017-03-05 18:16,"99 MILES FROM PHILLY BEST PHILLY CHEESE STEAK SPOT NYC instagram com p BRRkluGgfEyI TjrAqCOw89eiU3F23hIdYWeS5A0",1.000000,positive
2017-03-05 18:16,"Sex Art Fashion Mashup Clarkson North instagram com p BRRkiGBBNb m c 14dSxDZVkWC4I03e6Qg9H9PM0",0.000000,neutral
2017-03-05 18:16,"My first time having Japanese hotpot soup shabushabu nabemono instagram com p BRRkjBYAuaDx wBgRADpipNaHoeoksXV WvCOuI0",0.125000,positive
2017-03-05 18:16,"Out here w my bff repping Sounds of Tomorrow Way Bowl instagram com p BRRkh tAE3 p P8 YYdN1lXH7t q4UQkcE 3NXk0",0.000000,neutral
2017-03-05 18:16,"Has a great flavor Drinking a Hopnami by at http untp beer s c424952849 photo",0.800000,positive
2017-03-05 18:16,"stewing Astoria New York instagram com p BRRkhIDg0bak PLZdA6BPdmMSbyDu5JgniJXMUQ0",0.136364,positive
2017-03-05 18:16,"Took this through the screen because it is too cold to go outside hackensackriver lowtide instagram com p BRRkgfYDTqL",-0.300000,negative
2017-03-05 18:16,"Brooklyn Cupcake Guava York New York instagram com p BRRkgVzBSDjz qccrivCc0qSmk HdNXy YwI8pM0",0.136364,positive
2017-03-05 18:16,"Just posted a photo Museum of Natural History instagram com p BRRkgWQhmuK",0.100000,positive
2017-03-05 18:16,"I m at The Oasis Nails Spa in New York NY swarmapp com c 5Npj3ZjZfrT",0.136364,positive
2017-03-05 18:15,"Whole latte love instagram com p BRRkfe8hRp2",0.350000,positive
2017-03-05 18:15,"finishing the hat Theatre instagram com p BRRkeqqFRry",0.000000,neutral
2017-03-05 18:15,"You do Armory Show instagram com p BRRkeZ7lCPg",0.000000,neutral
2017-03-05 18:15,"Blue Bottle Literally Flying Off The Shelves bluebottlecoffee icedcoffee packagedesign instagram com p BRRkedAD6Ge",0.000000,neutral
2017-03-05 18:15,"mood askannyc newyork fashion photooftheday accessories menswear instagram com p BRRkeO3Ac8o",0.000000,neutral
2017-03-05 18:15,"Sunset on board Epic http ln is www instagram com p 7PsnU",0.100000,positive
2017-03-05 18:15,"Homeward bound Liberty International Airport instagram com p BRRkcJsgGCa",0.000000,neutral
2017-03-05 18:15,"ribeyesteak 0 09 per gram japanese ikinaristeak Steak USA instagram com p BRRkbmxDNDw",0.000000,neutral
2017-03-05 18:15,"m h m wh w ll ut n u m wh t ur u t w ll c rr instagram com p BRRkbiHhSqXb ut2zyDwkrV5j0vZT9eDlhNp4fI0",0.000000,neutral
2017-03-05 18:15,"Happy Birthday to the magnificent O I love being your gifted and talented teacher instagram com p BRRkbXuDD D",0.700000,positive
2017-03-05 18:15,"Just posted a photo instagram com p BRRkZ0hAV N",0.000000,neutral
2017-03-05 18:14,"O poder Dele em uma simples luz do sol Obrigado Deus by marianaava High Line instagram com p BRRkXXsl6C1",0.160000,positive
2017-03-05 18:14,"new work New York Guess I better get used to seeing this York and New Jersey border line instagram com p BRRkVwajHRB",0.227273,positive
2017-03-05 18:14,"Hi Gang lots of vids up with my choreo for Power Dance for those requesting it to be posted If instagram com p BRRkVoHAwU",0.000000,neutral
2017-03-05 18:14,"Patiently waiting for Daddy to give them treats and a walk lifewithdogs yorkie bassethound instagram com p BRRkVi5gkeY",0.000000,neutral
2017-03-05 18:14,"When it comes to cholesterol there s much confusion about it doctors are not helping the instagram com p BRRkVJChWlM",0.200000,positive
2017-03-05 18:14,"Chicken Stir Fry with Cauliflower Rice Heights New Jersey instagram com p BRRkVPVAGOz",-0.231818,negative
2017-03-05 18:14,"that buy one get one free coconutmilkmachiatto deal at Starbucks got my jacked today so i ran instagram com p BRRkUsCABkZ",0.400000,positive
2017-03-05 18:14,"Just posted a photo New York instagram com p BRRkUT0Fycm",0.136364,positive
2017-03-05 18:14,"Floral scents are a great option for the transition into spring What is your favorite spring instagram com p BRRkT8pBVvS",0.650000,positive
2017-03-05 18:14,"graphicdesign graphic portfolio logodesign designer follow followme art logo instagram com p BRRkTxylZtC",0.000000,neutral
2017-03-05 18:14,"I am sooooooooo ready for beyonce slayed me in 2016 now I need to slay me in instagram com p BRRkRH2gI8j",0.200000,positive
2017-03-05 18:14,"Lenape trail Mountain Reservation instagram com p BRRkSGOh3hW",0.000000,neutral
2017-03-05 18:13,"Yooooo Day 5 and we still going strong birthdaymonth dnomas at in Brooklyn NY swarmapp com c 03HkH9RQFsu",0.433333,positive
2017-03-05 18:13,"worship even when it makes no sense to sing Church NYC instagram com p BRRkPSkBpBe",0.000000,neutral
2017-03-05 18:13,"It s all about perspective Always working http iBESTEST com Bags Accessories instagram com p BRRkOFehIuX",0.000000,neutral
2017-03-05 18:13,"HUGE thank you to for her TV hosting workshop today A brilliant casting director instagram com p BRRkNwTAwZA",0.650000,positive
2017-03-05 18:13,"I didn t know I had to come to the gym to workout in church clothes instagram com p BRRkNW0B6DSv XVq3RpYcW4rR8OYXYNPamh03CA0",0.000000,neutral
2017-03-05 18:13,"Here s to a stylish Sunday York New York instagram com p BRRilTwlHAK",0.318182,positive
2017-03-05 18:13,"If you wanna leave just leave New York instagram com p BRRkMvFABV6F O7JQbZ7Thh1tjhlG9D1ZpNMw g0",0.136364,positive
2017-03-05 18:13,"Nice sunset light tonight nyc jerseycity Hook Jersey City instagram com p BRRkLfGgP b",0.500000,positive
2017-03-05 18:13,"K vivan las tiger Hq instagram com p BRRkK7iARQc",0.000000,neutral
2017-03-05 18:13,"25 West 132nd Street Manhattan pic twitter com 2BEnSW47dB",0.000000,neutral
2017-03-05 18:13,"Amazing author and Spoke Word artist Gillian Alex came out to Brooklyn day2day instagram com p BRRkKWjDv 5",0.600000,positive
2017-03-05 18:13,"Manhattan skyline from New Jersey nyc manhattan skyline jerseycity libertypark twilight instagram com p BRRkJ xDBIy",0.136364,positive
2017-03-05 18:13,"Tomorrow starting on Mondays on youtube at 6pm east time spread the word Manhattan instagram com p BRRkJ1ihxso",0.000000,neutral
2017-03-05 18:12,"Ke vivan los tiger Hq instagram com p BRRkIipgM1s",0.000000,neutral
2017-03-05 18:12,"You re favorite Heightsboy York New York instagram com p BRRkISeDFRD",0.318182,positive
2017-03-05 18:12,"Shoutout wit the teamwork my nigga its like kobe shaq in la calle when it comes instagram com p BRRkHlKg6yE",0.000000,neutral
2017-03-05 18:12,"Wonderful afternoon at the Brooklyn at in Brooklyn NY swarmapp com c 7DdzHYm0aqv pic twitter com PxhLezunJN",1.000000,positive
2017-03-05 18:12,"urbanJungle soho newyorkcity inspiration plants vsco wanderlust vscocam theweekend instagram com p BRRkFyxDrcP",0.000000,neutral
2017-03-05 18:12,"I ve always wanted to go to Sardi s and was thrilled that we stumbled upon it while wandering instagram com p BRRkFtiBb0D",0.600000,positive
2017-03-05 18:12,"Columbus New York Brooklyn March23rd fartrue Blessed Hall at MP instagram com p BRRkFMpBPOI",0.136364,positive
2017-03-05 18:12,"CURRENT MOOD TALKING TO MY SELF igotbars Bars brooklyn manhattan bronx queens longisland instagram com p BRRkExOhz3e",0.000000,neutral
2017-03-05 18:12,"hibl e soho newyorkcity inspiration sunset vsco wanderlust vscocam theweekend instagram com p BRRkEtpDsHV",0.000000,neutral
2017-03-05 18:12,"Why you mad man Somebody give that man a hug Mood FamilyTies QutzByQue instagram com p BRRkDuiAOU4",-0.625000,negative
2017-03-05 18:12,"Snuggles and chicken nuggets are a must every week before they go back in Newark Branch instagram com p BRRkDefhw2w",-0.300000,negative
2017-03-05 18:12,"JungleB e soho newyorkcity inspiration plants vsco wanderlust vscocam theweekend instagram com p BRRkDI j9wo",0.000000,neutral
2017-03-05 18:12,"this was the only way to end our season down 5 1 in the championship game comeback to win it instagram com p BRRkCu4APq",0.061111,positive
2017-03-05 18:11,"Cold buffalo cucumber salad pretty cool I WILL be making this at home nom nyc batterypark instagram com p BRRkCGllDzg",0.000000,neutral
2017-03-05 18:11,"Habenero glazed grilled cheese doughnut from FiDi LowerManhattan Hall instagram com p BRRkB0gBuM3",0.000000,neutral
2017-03-05 18:11,"Coils of Comt pic twitter com sFMQhPqjt2",0.000000,neutral
2017-03-05 18:11,"I d never join a club that would allow a person like me to become a member Woody Allen instagram com p BRRkBBgAUyo",0.000000,neutral
2017-03-05 18:11,"Finally Official new york Pizza Italy Pizza 33st 5av instagram com p BRRkArXljo6k 9UZHZz9mVhRDPnTjPngwI c9dw0",0.068182,positive
2017-03-05 18:11,"I m at Bar Veloce in New York NY swarmapp com c 8kYQiPFyX7W",0.136364,positive
2017-03-05 18:11,"HappyBirthdayGrandma Houses LES instagram com p BRRj ldgbkg",0.000000,neutral
2017-03-05 18:11,"Flying high above Manhattan nyc sunset centralpark made in ny picoftheday photooftheday instagram com p BRRj E j0ev",0.080000,positive
2017-03-05 18:11,"Rd one 45 Space jams nikomjimenez SneakerHead York New York instagram com p BRRj76eA1W6",0.136364,positive
2017-03-05 18:11,"Wearing my custom at ascproductionsinc season 2 show for nyfw New instagram com p BRRj augDJk",0.136364,positive
2017-03-05 18:11,"I can never get tired of this view roomwithaview nyc itiswhatitis York New York instagram com p BRRj9D2FAFA",-0.131818,negative
2017-03-05 18:10,"dirtyoldtown johnmalone irishmusic irishmusicfestival bar43 sunnyside queens 43 instagram com p BRRjoiMBV7j",0.000000,neutral
2017-03-05 18:10,"I m at Coffee Roasters in New York NY swarmapp com c cbk4rF2cqLz",0.136364,positive
2017-03-05 18:10,"hermosa mariposa you inspired this kivaaa Can somebody answer this How you know we wanted instagram com p BRRj4KtFWt2",0.000000,neutral
2017-03-05 18:10,"Such a great event tonight at with celebrating all things Cacao instagram com p BRRj4Nljki6",0.400000,positive
2017-03-05 18:10,"Just posted a photo Essex instagram com p BRRj3xxglZX",0.000000,neutral
2017-03-05 18:10,"Embracing my Portuguese Spanish Mexican Italian Irish Choctaw Native American womens instagram com p BRRj206gdY8",0.000000,neutral
2017-03-05 18:10,"Bar hoppin on Mott Haven strip at in Bronx NY swarmapp com c lCPWNmC3tNs pic twitter com aZ9AQLX2RW",0.000000,neutral
2017-03-05 18:10,"graphicdesign graphic portfolio logodesign designer follow followme art logo instagram com p BRRj1RhD03P",0.000000,neutral
2017-03-05 18:10,"famlife thedayafter brunchin wefamily Street Bar Grille instagram com p BRRj1F6Dl7Q",0.000000,neutral
2017-03-05 18:10,"My love s Grill Bar instagram com p BRRj0a3B6Ic",0.500000,positive
2017-03-05 18:09,"The biggest custom can art show sale in NYC graffiti history If you didn t get a chance to instagram com p BRRjzf6AIR6",0.000000,neutral
2017-03-05 18:09,"Scale model of Free University Berlin at Building With History Exhibit by Foster instagram com p BRRjzZjFm0l",0.400000,positive
2017-03-05 18:09,"To the couple I most Jang Jae Hun Park Tae Yee whatsup limjuhwan is fantastic pairing instagram com p BRRjzJIgodb",0.450000,positive
2017-03-05 18:09,"petty idgf kissmyass justpickupmycallthefirsttime justbeingme instagram com p BRRjx7VgWWPr msV5 V10v Fxq7rX 7qaE GoQM0",0.000000,neutral
2017-03-05 18:09,"New landmark created Discover interesting places around http bit ly 2mtpMAb pic twitter com 2IkGgiVEeY",0.318182,positive
2017-03-05 18:09,"Discover hotels around Fair Lawn United States from 15 USD per night http bit ly 2mqJ7S4 pic twitter com GaO1bMZtLS",0.700000,positive
2017-03-05 18:09,"Congrats to Future The First Artist to Earn Back To Back 1 Album Debuts rvrestudio com rvremusic 2017 3 5 congrats to future the first artist to earn back to back 1 album debuts",0.062500,positive
2017-03-05 18:09,"Oh Victor victorhugo music York New York instagram com p BRRjwgDApvV",0.136364,positive
2017-03-05 18:09,"Tonight s benefit is a staged concert reading of CITY OF ANGELS featuring Lauren Marcus as instagram com p BRRjwWQAn5l",0.000000,neutral
2017-03-05 18:09,"WeAreNewYork ny nyc new york newyork newyorkcity manhattan urban urbanhunting instagram com p BRRjwNRBDEh",0.068182,positive
2017-03-05 18:09,"Yum Drinking an Other Half IPA by at http untp beer s c424949420",-0.145833,negative
2017-03-05 18:09,"Walking the High Line highline nyc usa2017 instagram com p BRRjv6rjRckJ 5Px7IOC7lqG8R xUJUVneYhtMI0",0.160000,positive
2017-03-05 18:09,"My dress says spring but New York City weather unfortunately did not instagram com p BRRjvfhjAfZY cl9aTBmIjCuT3b v bomPX80Gg0",-0.181818,negative
2017-03-05 18:09,"Marko in two malebeauty sunday revisit abs York New York instagram com p BRRjvTsjP5w",0.136364,positive
2017-03-05 18:09,"Happy Birthday Tita Malou s Restaurant in Elmhurst NY w swarmapp com c k7qZnwTv9Nu",0.800000,positive
2017-03-05 18:09,"Brothers Fiesta instagram com p BRRjtpTBP1v",0.000000,neutral
2017-03-05 18:09,"Light and flavorful Not bold and bitter on the backend Great Beer Camp Tropical IPA 2016 http untp beer s c424948941",0.233333,positive
2017-03-05 18:09,"Just showing some tourist around York New York instagram com p BRRjtEHgFg0",0.136364,positive
2017-03-05 18:09,"Ending day 2 of the QuinlanRamble at oneworldnyc LoyolaQuinlan LoyolaChicago instagram com p BRRjsvhhPsq",0.000000,neutral
2017-03-05 18:08,"getit march 14 siegfriedkracauer thelittletypewriter Culture instagram com p BRRjryljF4F",0.000000,neutral
2017-03-05 18:08,"Rihanna boots mood http hotlatinmusic net York New York instagram com p BRRjry3hnjQ",0.068182,positive
2017-03-05 18:08,"I m at Sunway Restaurant in Flushing NY swarmapp com c 6JZ20n3zwkb",0.000000,neutral
2017-03-05 18:08,"Painting theholenyc Hole instagram com p BRRjowGjQsD",0.000000,neutral
2017-03-05 18:08,"Un regalo para un amigo Dajab n en whiteplains newyorkcity NewYork usa brooklyn bronk instagram com p BRRjoxAgZkx",0.000000,neutral
2017-03-05 18:08,"CASH House presents SB17 a Broadway musical of four best friends taking on the Big instagram com p BRRjnvMBjre",0.333333,positive
2017-03-05 18:08,"I m at in New York NY swarmapp com c cCyc9JbyOvE",0.136364,positive
2017-03-05 18:08,"BOOM 311 Cruise 2017 Extension Live youtube com watch v pTIshS 8sqdM feature share",0.136364,positive
2017-03-05 18:08,"Pa to el que tenga Haters daleeeeee bandapaloshaters Ft Prod by instagram com p BRRjlpUgEGS",0.000000,neutral
2017-03-05 18:08,"York New York instagram com p BRRjl5CB7vi",0.136364,positive
2017-03-05 18:08,"Doors Open NOW 1ST STOP TheClosers Myself HottestHostInNYC Rock Out instagram com p BRRjlkhDtah",0.000000,neutral
2017-03-05 18:07,"Brain overload So many objects to desire alicewells Street Market instagram com p BRRjjpQhbVV",0.500000,positive
2017-03-05 18:07,"And so it begins Harvey s head will fall of in the next day or so NothingToSeeHere HoldMyDrink",0.000000,neutral
2017-03-05 18:07,"Adele s Water Under the Bridge was literally playing Hello GW Bridge Washington Bridge instagram com p BRRjBOXBtwl",0.000000,neutral
2017-03-05 18:07,"The artist Catherine Mosley chelseaopenstudios contemporaryart abstractart chelseanyc instagram com p BRRjfgDlhkb",0.000000,neutral
2017-03-05 18:07,"Veteran s Park instagram com p BRRix5nhTJo",0.000000,neutral
2017-03-05 18:06,"LGA DEN Airport in East Elmhurst NY swarmapp com c ka9FgAcFDD1",0.000000,neutral
2017-03-05 18:06,"Definitely starting to feel like home here Never taking this for granted Bridge Park instagram com p BRRjbsFhtTh",0.000000,neutral
2017-03-05 18:06,"wangshot sunset nyc skyline thirdworldairport Airport instagram com p BRRjZ97gFTq",0.000000,neutral
2017-03-05 18:06,"Rule 1 Never be number 2 New York instagram com p BRRjZhCAWA1f 3I19cYh9W3eFNtejwPTcm4JmSQ0",0.136364,positive
2017-03-05 18:06,"UNO Time These Kids Be Cheating tho lmaooo lovethesekids Bronx instagram com p BRRjZA5AUjY",0.000000,neutral
2017-03-05 18:06,"GUYS GALS Last day to vote Until 11 59pm I know the website hasn t been working but it instagram com p BRRjSTADIYU",0.000000,neutral
2017-03-05 18:06,"The Manhattan skyline as the Lenape Indians would have seen it 400 years ago when fishing the instagram com p BRRjXIegzxA",0.000000,neutral
2017-03-05 18:05,"All black New York instagram com p BRRjUvOj jnB de3TE2MILook6KuI72gdjcm89s0",-0.015152,negative
2017-03-05 18:05,"Very telling IMO how shitty the Knicks defense is when Rose and Melo are on the floor",0.400000,positive
2017-03-05 18:05,"I m at LaGuardia Airport in East Elmhurst NY swarmapp com c 4FKz9Vgb3fK",0.000000,neutral
2017-03-05 18:05,"Interboro Mad Fat Fluid now available on tap http brmn us 17MDP4d BeerMenus",-0.075000,negative
2017-03-05 18:05,"Mushroom Drama Heights Brooklyn instagram com p BRRjSPBjHhM",0.000000,neutral
2017-03-05 18:05,"Pucker up with some Brouwerij Kerkom Bink sours 4oz pours all night Also try the IPA cheese instagram com p BRRjQ8GBjeY",0.000000,neutral
2017-03-05 18:05,"I m at The Plaza Food Hall in New York NY swarmapp com c dESvLiUYLSi",0.136364,positive
2017-03-05 18:05,"It s all about brunchin djraay teamraay teamwooonyc nyc dj instagram com p BRRjQFQAMsXO NZU4MLZlKZH7vpnnf3X2zDkJbA0",0.000000,neutral
2017-03-05 18:04,"Just posted a photo East Side instagram com p BRRjPBeFz a",0.000000,neutral
2017-03-05 18:04,"throwback Waterway Ferry Terminal Wall Street Pier 11 instagram com p BRRiubJAW D",0.000000,neutral
2017-03-05 18:04,"Theatre and My Lovely Ladies Bon soir mes amis Barricou instagram com p BRRjOnTjuSV",0.500000,positive
2017-03-05 18:04,"This is Riley She is new to the neighborhood and I love her I meet lots of puppies and I instagram com p BRRjMzBDTjI",0.318182,positive
2017-03-05 18:04,"Thurman has a lil dick They sucked his dick to his balls Wildest dad ever he doing to much instagram com p BRRjKgdgUwd",0.200000,positive
2017-03-05 18:04,"Last Week Tonight with John Oliver Broadcast Center in New York NY swarmapp com c bpL18dZR1pr",0.012121,positive
2017-03-05 18:04,"Refurbish Your Fascia http healyourposture com blog 2017 3 5 refurbish your fascia",0.000000,neutral
2017-03-05 18:04,"League night 34th Avenue Lanes in Woodside NY swarmapp com c 12kBjx4LZyi",0.000000,neutral
2017-03-05 18:04,"La Capital Del Mundo NYC Guaguanco Pal Que Sabe Tamo en instagram com p BRRjJshAUkDb uZXQuznn0ORtk1A9u5MC VRYDY0",0.000000,neutral
2017-03-05 18:04,"lit sunday brunch nopicofthepartycomeseeforyourself Restaurant Lounge instagram com p BRRjI Agnzj",0.000000,neutral
2017-03-05 18:03,"sundayafternoon spring in centralpark From 16 F improved to 36 F in the afternoon instagram com p BRRjGeejVU5",0.000000,neutral
2017-03-05 18:03,"Dramatic light glinting off taller buildings gets me every time Avenue Brooklyn instagram com p BRRjFYyBUo3",-0.016667,negative
2017-03-05 18:03,"NBA Square Garden 1879 instagram com p BRRjE4gFIqk",0.000000,neutral
2017-03-05 18:03,"B R O T H E R H O O D York New York instagram com p BRRjE1 h0or",0.136364,positive
2017-03-05 18:03,"My favorite tiny human had her 1st Birthday Party yesterday shansomm theperryblake instagram com p BRRjEU0Asw7",0.166667,positive
2017-03-05 18:03,"at Esperanto Join us for a great Sunday with live music and delicious food instagram com p BRRjELEhXvR",0.645455,positive
2017-03-05 18:03,"Who am I What the fuck is going on York New York instagram com p BRRjEKHgvU1",-0.131818,negative
2017-03-05 18:03,"Sierra Leone x Simba Amir Prod By http ln is com hYJm3",0.000000,neutral
2017-03-05 18:03,"takeharlemback aboutlastnight harlemhaberdashery Last night was beautiful Thank you instagram com p BRRjDk0gjkK",0.425000,positive
2017-03-05 18:03,"Sierra Leone x Simba Amir Prod By logicalnonsense215 com news xcsrpyfl8 7b4att43hrmbp9kc9c9k2",0.000000,neutral
2017-03-05 18:03,"loa happiness love kisses York New York instagram com p BRRjCool LC",0.445455,positive
2017-03-05 18:03,"Makeup trial today with this beautiful lady New Jersey instagram com p BRRjBPUlOVF",0.493182,positive
2017-03-05 18:03,"SampleSunday You don t say no to Brenda Holt nicolefalls com blog 2017 3 5 samplesunday you dont say no to brenda holt",0.000000,neutral
2017-03-05 18:03,"The fountain at Bryant Park shitthatscold Park ice skating instagram com p BRRi9bShy17",0.000000,neutral
2017-03-05 18:02,"Frittata ai funghi Sliced belle peppers mushrooms and eggs instagram com p BRRi yqh CmC PyBlxrqX1xyaFp VcAOoJYvpy40",0.000000,neutral
2017-03-05 18:02,"I woke up this morning with a huge smile on my face and such a sense of appreciation and instagram com p BRRi 2jAw3M",0.233333,positive
2017-03-05 18:02,"we lit",0.000000,neutral
2017-03-05 18:02,"Sunday afternoon neighborhood walk Brooklyn instagram com p BRRi DqjfDe",0.000000,neutral
2017-03-05 18:02,"PROGRESS Waist is tightening up and gills are continuing to shrink YAS jonnystraws instagram com p BRRi GyBalk",0.000000,neutral
2017-03-05 18:02,"Feeling those 56 mph gusts vegas wind streetsweeper instagram com p BRRi9wPAyAs",0.000000,neutral
2017-03-05 18:02,"I m at in New York NY swarmapp com c 9NFC7VrcaIs",0.136364,positive
2017-03-05 18:02,"light Square New York City Manhattan instagram com p BRRi9NODOCp",0.268182,positive
2017-03-05 18:02,"With NEDA week coming to a close I figured the timing of this was perfect to some people this instagram com p BRRi851FhEi",1.000000,positive